{"name":"6966ca11-bc7d-4d90-95d0-50f8e310e3da","id":"/providers/Microsoft.Flow/flows/6966ca11-bc7d-4d90-95d0-50f8e310e3da","type":"Microsoft.Flow/flows","properties":{"apiId":"/providers/Microsoft.PowerApps/apis/shared_logicflows","displayName":"Chapter 02 - Creating your first flow (X)","definition":{"metadata":{"workflowEntityId":null,"processAdvisorMetadata":null,"flowChargedByPaygo":null,"flowclientsuspensionreason":"None","flowclientsuspensiontime":null,"flowclientsuspensionreasondetails":null,"creator":{"id":"83a7637b-0579-4972-9387-38cf4acc552c","type":"User","tenantId":"27e8797c-c1a2-46f5-ae46-a802d2e90028"},"provisioningMethod":"FromDefinition","failureAlertSubscription":true,"clientLastModifiedTime":"2025-04-01T04:18:02.5658508Z","connectionKeySavedTimeKey":"2025-04-01T04:18:02.5658508Z","creationSource":"Portal","modifiedSources":"Portal"},"$schema":"https://schema.management.azure.com/providers/Microsoft.Logic/schemas/2016-06-01/workflowdefinition.json#","contentVersion":"1.0.0.0","parameters":{"$authentication":{"defaultValue":{},"type":"SecureObject"},"$connections":{"defaultValue":{},"type":"Object"}},"triggers":{"When_a_new_tweet_is_posted":{"recurrence":{"interval":1,"frequency":"Minute"},"splitOn":"@triggerOutputs()?['body/value']","type":"OpenApiConnection","inputs":{"parameters":{"searchQuery":"from:aaronguilmette"},"host":{"apiId":"/providers/Microsoft.PowerApps/apis/shared_twitter","connectionName":"shared_twitter","operationId":"OnNewTweet"},"authentication":"@parameters('$authentication')"},"conditions":[]}},"actions":{"Post_message_in_a_chat_or_channel":{"runAfter":{},"type":"OpenApiConnection","inputs":{"parameters":{"poster":"Flow bot","location":"Channel","body/recipient/groupId":"6c31a153-b4e1-49ab-8862-552f30281260","body/recipient/channelId":"19:OvWWmS7NJOSmne3PEALj_EJtSMIYmJK9Obr-3tpThVE1@thread.tacv2","body/messageBody":"<p class=\"editor-paragraph\">Check out this new tweet from @{triggerOutputs()?['body/TweetedBy']}:</p><p class=\"editor-paragraph\">@{triggerOutputs()?['body/TweetText']}</p>"},"host":{"apiId":"/providers/Microsoft.PowerApps/apis/shared_teams","connectionName":"shared_teams","operationId":"PostMessageToConversation"},"authentication":"@parameters('$authentication')"}}},"outputs":{}},"connectionReferences":{"shared_twitter":{"connectionName":"shared-twitter-a3e44f3b-8792-4c7f-af6a-eb5c3b99e20d","source":"Embedded","id":"/providers/Microsoft.PowerApps/apis/shared_twitter","tier":"NotSpecified","apiName":"twitter"},"shared_teams":{"connectionName":"shared-teams-89fa17b8-dd95-4a08-b64f-953ed06d797f","source":"Embedded","id":"/providers/Microsoft.PowerApps/apis/shared_teams","tier":"NotSpecified","apiName":"teams"}},"flowFailureAlertSubscribed":false,"isManaged":false}}