<desktopflowbinary desktopflowbinaryid="493419a3-0a96-4f36-9c4e-25eaabc33bfe">
  <data mimetype="application/json">ImageRepository_b83c3874-d0f6-4c24-bf0b-d046be5e7f2b.json</data>
  <iscustomizable>1</iscustomizable>
  <metadata>{}</metadata>
  <mimetype>application/json</mimetype>
  <name>Desktop flow images</name>
  <process>
    <workflowid>86ba43d1-12d7-49a3-9a71-26200645563e</workflowid>
  </process>
  <reference>imageRepo.imgrepo</reference>
  <statecode>0</statecode>
  <statuscode>1</statuscode>
  <type>ImageRepository</type>
</desktopflowbinary>