<desktopflowbinary desktopflowbinaryid="8bec9750-2d9e-49eb-9e32-eb79c6d9aa63">
  <data mimetype="image/png">ControlRepositoryImageFile_8bec9750-2d9e-49eb-9e32-eb79c6d9aa63.png</data>
  <iscustomizable>1</iscustomizable>
  <metadata>{}</metadata>
  <mimetype>image/png</mimetype>
  <name>Desktop flow ui element screenshot</name>
  <process>
    <workflowid>86ba43d1-12d7-49a3-9a71-26200645563e</workflowid>
  </process>
  <reference>controlRepo-screenshots\d875b40e-0500-4eba-843b-7639a977d431.png</reference>
  <statecode>0</statecode>
  <statuscode>1</statuscode>
  <type>ControlRepositoryImageFile</type>
</desktopflowbinary>