{"name":"ab8012a9-0f6c-41f8-a25a-d4b794e4658d","id":"/providers/Microsoft.Flow/flows/ab8012a9-0f6c-41f8-a25a-d4b794e4658d","type":"Microsoft.Flow/flows","properties":{"apiId":"/providers/Microsoft.PowerApps/apis/shared_logicflows","displayName":"Chapter 04 - Copying Files (Example 2, Publish RFP)","definition":{"metadata":{"workflowEntityId":null,"processAdvisorMetadata":null,"flowChargedByPaygo":null,"flowclientsuspensionreason":"None","flowclientsuspensiontime":null,"flowclientsuspensionreasondetails":null,"creator":{"id":"83a7637b-0579-4972-9387-38cf4acc552c","type":"User","tenantId":"27e8797c-c1a2-46f5-ae46-a802d2e90028"},"provisioningMethod":"FromDefinition","failureAlertSubscription":true,"clientLastModifiedTime":"2025-04-15T14:48:43.701737Z","connectionKeySavedTimeKey":"2025-04-15T14:48:43.701737Z","creationSource":"Portal","modifiedSources":"Portal"},"$schema":"https://schema.management.azure.com/providers/Microsoft.Logic/schemas/2016-06-01/workflowdefinition.json#","contentVersion":"1.0.0.0","parameters":{"$authentication":{"defaultValue":{},"type":"SecureObject"},"$connections":{"defaultValue":{},"type":"Object"}},"triggers":{"When_a_file_is_created_or_modified_in_a_folder_(deprecated)":{"recurrence":{"interval":1,"frequency":"Minute"},"metadata":{"%252fShared%2bDocuments":"/Shared Documents","%252fShared%2bDocuments%252fRFP%2bInformation":"/Shared Documents/RFP Information"},"type":"OpenApiConnection","inputs":{"parameters":{"dataset":"https://o365ninja.sharepoint.com/sites/PublishedRFPs","folderId":"%252fShared%2bDocuments%252fRFP%2bInformation"},"host":{"apiId":"/providers/Microsoft.PowerApps/apis/shared_sharepointonline","connectionName":"shared_sharepointonline","operationId":"OnUpdatedFile"},"authentication":"@parameters('$authentication')"}}},"actions":{"Create_file":{"runAfter":{},"type":"OpenApiConnection","inputs":{"parameters":{"folderPath":"/publishedrfps","name":"@triggerOutputs()?['headers/x-ms-file-name-encoded']","body":"@triggerBody()"},"host":{"apiId":"/providers/Microsoft.PowerApps/apis/shared_dropbox","connectionName":"shared_dropbox","operationId":"CreateFile"},"authentication":"@parameters('$authentication')"}}},"outputs":{}},"connectionReferences":{"shared_sharepointonline":{"connectionName":"shared-sharepointonl-943e11a0-4914-4e80-8672-64de24ad9029","source":"Embedded","id":"/providers/Microsoft.PowerApps/apis/shared_sharepointonline","tier":"NotSpecified","apiName":"sharepointonline"},"shared_dropbox":{"connectionName":"shared-dropbox-4c9b45de-2ea2-4807-bf44-0e3a4749a0e6","source":"Embedded","id":"/providers/Microsoft.PowerApps/apis/shared_dropbox","tier":"NotSpecified","apiName":"dropbox"}},"flowFailureAlertSubscribed":false,"isManaged":false}}