<desktopflowbinary desktopflowbinaryid="9f2ab4fe-5a14-4cce-b7b1-222bd4cf2c65">
  <data mimetype="application/json">DependenciesFile_3b2dce89-b4e7-4d41-8d81-c56404fc4fd5.json</data>
  <iscustomizable>1</iscustomizable>
  <metadata>{}</metadata>
  <mimetype>application/json</mimetype>
  <name>Desktop flow dependencies file</name>
  <process>
    <workflowid>8211bfd2-1a3d-432f-9f16-b92f3d5c58d1</workflowid>
  </process>
  <reference>flow.dependencies</reference>
  <statecode>0</statecode>
  <statuscode>1</statuscode>
  <type>DependenciesFile</type>
</desktopflowbinary>