<desktopflowbinary desktopflowbinaryid="74117b46-db57-4999-ab3a-bc5b40f99be5">
  <data mimetype="image/png">ControlRepositoryImageFile_74117b46-db57-4999-ab3a-bc5b40f99be5.png</data>
  <iscustomizable>1</iscustomizable>
  <metadata>{}</metadata>
  <mimetype>image/png</mimetype>
  <name>Desktop flow ui element screenshot</name>
  <process>
    <workflowid>8211bfd2-1a3d-432f-9f16-b92f3d5c58d1</workflowid>
  </process>
  <reference>controlRepo-screenshots\325240b2-74d4-438d-b46b-fd904f01d684.png</reference>
  <statecode>0</statecode>
  <statuscode>1</statuscode>
  <type>ControlRepositoryImageFile</type>
</desktopflowbinary>