<desktopflowbinary desktopflowbinaryid="331c5869-f2b5-4281-a4fb-2bcfb15a8e7f">
  <data mimetype="image/png">ControlRepositoryImageFile_331c5869-f2b5-4281-a4fb-2bcfb15a8e7f.png</data>
  <iscustomizable>1</iscustomizable>
  <metadata>{}</metadata>
  <mimetype>image/png</mimetype>
  <name>Desktop flow ui element screenshot</name>
  <process>
    <workflowid>8211bfd2-1a3d-432f-9f16-b92f3d5c58d1</workflowid>
  </process>
  <reference>controlRepo-screenshots\46fd53e0-611f-426a-8719-b3f18add801a.png</reference>
  <statecode>0</statecode>
  <statuscode>1</statuscode>
  <type>ControlRepositoryImageFile</type>
</desktopflowbinary>