{"name":"6b0eb349-3bbc-4489-9a88-d150383af880","id":"/providers/Microsoft.Flow/flows/6b0eb349-3bbc-4489-9a88-d150383af880","type":"Microsoft.Flow/flows","properties":{"apiId":"/providers/Microsoft.PowerApps/apis/shared_logicflows","displayName":"Chapter 09 - Day of week","definition":{"metadata":{"workflowEntityId":null,"processAdvisorMetadata":null,"flowChargedByPaygo":null,"flowclientsuspensionreason":"None","flowclientsuspensiontime":null,"flowclientsuspensionreasondetails":null,"creator":{"id":"83a7637b-0579-4972-9387-38cf4acc552c","type":"User","tenantId":"27e8797c-c1a2-46f5-ae46-a802d2e90028"},"provisioningMethod":"FromDefinition","failureAlertSubscription":true,"clientLastModifiedTime":"2025-09-01T01:36:08.6022365Z","connectionKeySavedTimeKey":"2025-09-01T01:36:08.6022365Z","creationSource":"Portal","modifiedSources":"Portal"},"$schema":"https://schema.management.azure.com/providers/Microsoft.Logic/schemas/2016-06-01/workflowdefinition.json#","contentVersion":"undefined","parameters":{"$authentication":{"defaultValue":{},"type":"SecureObject"},"$connections":{"defaultValue":{},"type":"Object"}},"triggers":{"manual":{"type":"Request","kind":"Button","inputs":{"schema":{"type":"object","properties":{"date":{"description":"Please enter or select a date (YYYY-MM-DD)","format":"date","title":"Date","type":"string","x-ms-content-hint":"DATE","x-ms-dynamically-added":true}},"required":["date"]}}}},"actions":{"Compose":{"runAfter":{},"type":"Compose","inputs":"@dayofWeek(triggerBody()?['date'])"},"Compose_1":{"runAfter":{"Compose":["Succeeded"]},"type":"Compose","inputs":"@if(equals(dayOfWeek(triggerBody()?['date']), 0), 'Sunday', \r\n   if(equals(dayOfWeek(triggerBody()?['date']), 1), 'Monday', \r\n   if(equals(dayOfWeek(triggerBody()?['date']), 2), 'Tuesday', \r\n   if(equals(dayOfWeek(triggerBody()?['date']), 3), 'Wednesday', \r\n   if(equals(dayOfWeek(triggerBody()?['date']), 4), 'Thursday', \r\n   if(equals(dayOfWeek(triggerBody()?['date']), 5), 'Friday', 'Saturday'))))))\r\n"}}},"connectionReferences":{},"flowFailureAlertSubscribed":false,"isManaged":false}}