<ImportExportXml xmlns:xsi="http://www.w3.org/2001/XMLSchema-instance" OrganizationVersion="9.2.25092.160" OrganizationSchemaType="Standard" CRMServerServiceabilityVersion="9.2.25092.00160">
  <Entities></Entities>
  <Roles></Roles>
  <Workflows>
    <Workflow WorkflowId="{86ba43d1-12d7-49a3-9a71-26200645563e}" Name="Chapter 20 - Automating web browsers (Navigating)">
      <JsonFileName>/Workflows/Chapter20-AutomatingwebbrowsersNavigating-86BA43D1-12D7-49A3-9A71-26200645563E.json</JsonFileName>
      <Type>1</Type>
      <Subprocess>0</Subprocess>
      <Category>6</Category>
      <Mode>0</Mode>
      <Scope>4</Scope>
      <OnDemand>0</OnDemand>
      <TriggerOnCreate>0</TriggerOnCreate>
      <TriggerOnDelete>0</TriggerOnDelete>
      <AsyncAutodelete>0</AsyncAutodelete>
      <SyncWorkflowLogOnFailure>0</SyncWorkflowLogOnFailure>
      <StateCode>1</StateCode>
      <StatusCode>2</StatusCode>
      <RunAs>1</RunAs>
      <IsTransacted>1</IsTransacted>
      <IntroducedVersion>1.0</IntroducedVersion>
      <IsCustomizable>1</IsCustomizable>
      <BusinessProcessType>0</BusinessProcessType>
      <UIFlowType>2</UIFlowType>
      <IsCustomProcessingStepAllowedForOtherPublishers>1</IsCustomProcessingStepAllowedForOtherPublishers>
      <ModernFlowType>0</ModernFlowType>
      <Metadata>{"clientversion":"2.60.154.25253","isvalid":true,"$schema":"https://schema.management.azure.com/providers/Microsoft.Logic/schemas/2016-06-01/workflowdefinition.json#","schemaVersion":"ROBIN_20211012","containsActiveConnections":false,"containsGptPredictActions":false,"containsActiveCopilotActions":false,"containsActiveWorkQueuesActions":false,"containsActiveLogMessageActions":false,"containsActiveCredentialsActions":false,"multipleRequestsState":0,"scriptType":0,"disableScreenshotCaptureOnError":false,"missingUiElementRepairType":1,"flowTimeout":null,"screenResolution":null,"flowLogsVerbosity":null}</Metadata>
      <Inputs>{"schema":null}</Inputs>
      <Outputs>{"schema":null}</Outputs>
      <Dependencies>{"childFlows":[],"workQueues":[],"environmentVariables":[],"requiredBinaries":["e15b0e54-b07d-42b2-a638-a337a5819059","f0c886dc-a2d9-47a3-93ac-bd057547028a","493419a3-0a96-4f36-9c4e-25eaabc33bfe","f4d71efb-c07d-401d-8f04-d3fa54340011"]}</Dependencies>
      <ConnectionReferences>[]</ConnectionReferences>
      <Definition>"@@ConnectionString: ''\r\n@@Type: 'Local'\r\n@@DesktopType: 'local'\r\n@@DisplayName: 'Local computer'\r\nIMPORT 'controlRepo.appmask' AS appmask\r\nIMPORT 'imageRepo.imgrepo' AS imgrepo\r\n@SENSITIVE: []\r\nSET username TO $'''user123'''\r\nSET password TO $'''password'''\r\nWebAutomation.LaunchEdge.LaunchEdge Url: $'''https://web-scraping.dev/products''' WindowState: WebAutomation.BrowserWindowState.Maximized ClearCache: False ClearCookies: False WaitForPageToLoadTimeout: 60 Timeout: 60 PiPUserDataFolderMode: WebAutomation.PiPUserDataFolderModeEnum.AutomaticProfile TargetDesktop: $'''{\\\"DisplayName\\\":\\\"Local computer\\\",\\\"Route\\\":{\\\"ServerType\\\":\\\"Local\\\",\\\"ServerAddress\\\":\\\"\\\"},\\\"DesktopType\\\":\\\"local\\\"}''' BrowserInstance=&gt; Browser\r\nExcel.LaunchExcel.LaunchUnderExistingProcess Visible: False UseMachineLocale: False Instance=&gt; ExcelInstance\r\nLOOP LoopIndex FROM 1 TO 7 STEP 1\r\n    Excel.GetFirstFreeColumnRow Instance: ExcelInstance FirstFreeColumn=&gt; FirstFreeColumn FirstFreeRow=&gt; FirstFreeRow\r\n    WebAutomation.ExtractData.ExtractTable BrowserInstance: Browser Control: $'''html &gt; body &gt; div:eq(0) &gt; div &gt; div:eq(1) &gt; div:eq(0) &gt; div''' ExtractionParameters: {[$'''div:eq(1) &gt; h3 &gt; a''', $'''Own Text''', $'''''', $'''Value #1'''], [$'''div:eq(2) &gt; div''', $'''Own Text''', $'''''', $'''Value #2'''], [$'''div:eq(1) &gt; h3 &gt; a''', $'''Href''', $'''''', $'''Value #3'''] } PostProcessData: True TimeoutInSeconds: 30 ExtractedData=&gt; DataFromWebPage\r\n    Excel.WriteToExcel.WriteCell Instance: ExcelInstance Value: DataFromWebPage Column: $'''A''' Row: FirstFreeRow\r\n    IF (WebAutomation.IfWebPageContains.WebPageContainsElement BrowserInstance: Browser Control: appmask['Web Page \\'https://web-scraping.dev/products?page=4\\'']['Anchor \\'&gt;\\'']) THEN\r\n        WebAutomation.Click.Click BrowserInstance: Browser Control: appmask['Web Page \\'https://web-scraping.dev/products?page=4\\'']['Anchor \\'&gt;\\''] ClickType: WebAutomation.ClickType.LeftClick MouseClick: True WaitForPageToLoadTimeout: 60 MousePositionRelativeToElement: WebAutomation.RectangleEdgePoint.MiddleCenter OffsetX: 0 OffsetY: 0\r\n    ELSE\r\n        EXIT LOOP\r\n    END\r\nEND\r\nWebAutomation.GoToWebPage.GoToWebPage BrowserInstance: Browser Url: $'''https://web-scraping.dev/login''' WaitForPageToLoadTimeout: 60\r\nWebAutomation.PopulateTextField.PopulateTextFieldUsePhysicalKeyboard BrowserInstance: Browser Control: appmask['Web Page \\'https://web-scraping.dev/login\\'']['Input text \\'Username\\''] Text: username Mode: WebAutomation.PopulateTextMode.Replace UnfocusAfterPopulate: True WaitForPageToLoadTimeout: 60\r\nWebAutomation.PopulateTextField.PopulateTextFieldUsePhysicalKeyboard BrowserInstance: Browser Control: appmask['Web Page \\'https://web-scraping.dev/login\\'']['Input text \\'Password\\''] Text: password Mode: WebAutomation.PopulateTextMode.Replace UnfocusAfterPopulate: True WaitForPageToLoadTimeout: 60\r\nWebAutomation.PressButton.PressButton BrowserInstance: Browser Control: appmask['Web Page \\'https://web-scraping.dev/login\\'']['Button \\'Submit\\''] WaitForPageToLoadTimeout: 60\r\nDateTime.GetCurrentDateTime.Local DateTimeFormat: DateTime.DateTimeFormat.DateAndTime CurrentDateTime=&gt; CurrentDateTime\r\nText.ConvertDateTimeToText.FromCustomDateTime DateTime: CurrentDateTime CustomFormat: $'''yyyyMMddHHmm''' Result=&gt; FormattedDateTime\r\nSET filename TO $'''%FormattedDateTime%_screenshot.png'''\r\nWorkstation.TakeScreenshot.TakeScreenshotAndSaveToFile File: filename ImageFormat: System.ImageFormat.Png\r\nWebAutomation.CloseWebBrowser BrowserInstance: Browser\r\nExcel.CloseExcel.CloseAndSaveAs Instance: ExcelInstance DocumentFormat: Excel.ExcelFormat.FromExtension DocumentPath: $'''c:\\\\temp\\\\demo.xlsx'''\r\nEXIT Code: 0\r\n"</Definition>
      <SchemaVersion>2022.07</SchemaVersion>
      <Claims>[{"name":"selfheal"}]</Claims>
      <DesktopFlowModules>[]</DesktopFlowModules>
      <Credentials>[]</Credentials>
      <PrimaryEntity>none</PrimaryEntity>
      <LocalizedNames>
        <LocalizedName languagecode="1033" description="Chapter 20 - Automating web browsers (Navigating)" />
      </LocalizedNames>
    </Workflow>
  </Workflows>
  <FieldSecurityProfiles></FieldSecurityProfiles>
  <Templates />
  <EntityMaps />
  <EntityRelationships />
  <OrganizationSettings />
  <optionsets />
  <CustomControls />
  <EntityDataProviders />
  <Languages>
    <Language>1033</Language>
  </Languages>
</ImportExportXml>