<desktopflowbinary desktopflowbinaryid="f0c886dc-a2d9-47a3-93ac-bd057547028a">
  <data mimetype="application/json">ControlRepository_29a45119-ed0f-4850-bf8a-fa2bcf25d70d.json</data>
  <iscustomizable>1</iscustomizable>
  <metadata>{}</metadata>
  <mimetype>application/json</mimetype>
  <name>Desktop flow ui elements</name>
  <process>
    <workflowid>86ba43d1-12d7-49a3-9a71-26200645563e</workflowid>
  </process>
  <reference>controlRepo.appmask</reference>
  <statecode>0</statecode>
  <statuscode>1</statuscode>
  <type>ControlRepository</type>
</desktopflowbinary>