<desktopflowbinary desktopflowbinaryid="b763a50d-6a2e-4743-86fa-89d6d801958c">
  <data mimetype="image/png">ControlRepositoryImageFile_b763a50d-6a2e-4743-86fa-89d6d801958c.png</data>
  <iscustomizable>1</iscustomizable>
  <metadata>{}</metadata>
  <mimetype>image/png</mimetype>
  <name>Desktop flow ui element screenshot</name>
  <process>
    <workflowid>86ba43d1-12d7-49a3-9a71-26200645563e</workflowid>
  </process>
  <reference>controlRepo-screenshots\558a470f-b34e-4b83-b106-fd78604ee7dd.png</reference>
  <statecode>0</statecode>
  <statuscode>1</statuscode>
  <type>ControlRepositoryImageFile</type>
</desktopflowbinary>