{"name":"4419aa99-7b28-4553-878c-48b3b18d5bc2","id":"/providers/Microsoft.Flow/flows/4419aa99-7b28-4553-878c-48b3b18d5bc2","type":"Microsoft.Flow/flows","properties":{"apiId":"/providers/Microsoft.PowerApps/apis/shared_logicflows","displayName":"Chapter 03 - Working with Email (Example 1)","definition":{"metadata":{"workflowEntityId":null,"processAdvisorMetadata":null,"flowChargedByPaygo":null,"flowclientsuspensionreason":"None","flowclientsuspensiontime":null,"flowclientsuspensionreasondetails":null,"creator":{"id":"83a7637b-0579-4972-9387-38cf4acc552c","type":"User","tenantId":"27e8797c-c1a2-46f5-ae46-a802d2e90028"},"provisioningMethod":"FromDefinition","failureAlertSubscription":true,"clientLastModifiedTime":"2025-04-01T19:21:07.192949Z","connectionKeySavedTimeKey":"2025-04-01T19:21:07.192949Z","creationSource":"Portal","modifiedSources":"Portal"},"$schema":"https://schema.management.azure.com/providers/Microsoft.Logic/schemas/2016-06-01/workflowdefinition.json#","contentVersion":"1.0.0.0","parameters":{"$authentication":{"defaultValue":{},"type":"SecureObject"},"$connections":{"defaultValue":{},"type":"Object"}},"triggers":{"When_a_new_email_arrives_(V3)":{"splitOn":"@triggerOutputs()?['body/value']","type":"OpenApiConnectionNotification","inputs":{"parameters":{"subjectFilter":"expense report"},"host":{"apiId":"/providers/Microsoft.PowerApps/apis/shared_office365","connectionName":"shared_office365","operationId":"OnNewEmailV3"},"authentication":"@parameters('$authentication')"}}},"actions":{"Compose":{"runAfter":{},"type":"Compose","inputs":"@triggerOutputs()?['body/subject']"}},"outputs":{}},"connectionReferences":{"shared_office365":{"connectionName":"shared-office365-8fbf6d61-39ef-4359-8257-8bed139b08e8","source":"Embedded","id":"/providers/Microsoft.PowerApps/apis/shared_office365","tier":"NotSpecified","apiName":"office365"}},"flowFailureAlertSubscribed":false,"isManaged":false}}