<desktopflowbinary desktopflowbinaryid="04409939-227a-4f20-b668-355d1daa766b">
  <data mimetype="application/json">ImageRepository_b9fd76ff-b1b3-44a8-8b87-31f4e1c3a66f.json</data>
  <iscustomizable>1</iscustomizable>
  <metadata>{}</metadata>
  <mimetype>application/json</mimetype>
  <name>Desktop flow images</name>
  <process>
    <workflowid>8211bfd2-1a3d-432f-9f16-b92f3d5c58d1</workflowid>
  </process>
  <reference>imageRepo.imgrepo</reference>
  <statecode>0</statecode>
  <statuscode>1</statuscode>
  <type>ImageRepository</type>
</desktopflowbinary>