<ImportExportXml xmlns:xsi="http://www.w3.org/2001/XMLSchema-instance" OrganizationVersion="9.2.25093.157" OrganizationSchemaType="Standard" CRMServerServiceabilityVersion="9.2.25093.00158">
  <Entities></Entities>
  <Roles></Roles>
  <Workflows>
    <Workflow WorkflowId="{8211bfd2-1a3d-432f-9f16-b92f3d5c58d1}" Name="Chapter 19 - Add to contact database (Desktop side)">
      <JsonFileName>/Workflows/Chapter19-AddtocontactdatabaseDesktopside-8211BFD2-1A3D-432F-9F16-B92F3D5C58D1.json</JsonFileName>
      <Type>1</Type>
      <Subprocess>0</Subprocess>
      <Category>6</Category>
      <Mode>0</Mode>
      <Scope>4</Scope>
      <OnDemand>0</OnDemand>
      <TriggerOnCreate>0</TriggerOnCreate>
      <TriggerOnDelete>0</TriggerOnDelete>
      <AsyncAutodelete>0</AsyncAutodelete>
      <SyncWorkflowLogOnFailure>0</SyncWorkflowLogOnFailure>
      <StateCode>1</StateCode>
      <StatusCode>2</StatusCode>
      <RunAs>1</RunAs>
      <IsTransacted>1</IsTransacted>
      <IntroducedVersion>1.0</IntroducedVersion>
      <IsCustomizable>1</IsCustomizable>
      <BusinessProcessType>0</BusinessProcessType>
      <UIFlowType>2</UIFlowType>
      <IsCustomProcessingStepAllowedForOtherPublishers>1</IsCustomProcessingStepAllowedForOtherPublishers>
      <ModernFlowType>0</ModernFlowType>
      <Metadata>{"clientversion":"2.60.154.25253","isvalid":true,"$schema":"https://schema.management.azure.com/providers/Microsoft.Logic/schemas/2016-06-01/workflowdefinition.json#","schemaVersion":"ROBIN_20211012","containsActiveConnections":false,"containsGptPredictActions":false,"containsActiveCopilotActions":false,"containsActiveWorkQueuesActions":false,"containsActiveLogMessageActions":false,"containsActiveCredentialsActions":false,"multipleRequestsState":0,"scriptType":0,"disableScreenshotCaptureOnError":false,"missingUiElementRepairType":2,"flowTimeout":null,"screenResolution":null,"flowLogsVerbosity":null}</Metadata>
      <Inputs>{"schema":{"required":["varFormCompanyName","varFormFirstName","varFormLastName","varFormJobTitle","varFormMail","varFormTelephoneNumber"],"properties":{"varFormCompanyName":{"isOptional":false,"default":"","description":"","format":null,"title":"varDesktopCompanyName","type":"string","value":""},"varFormFirstName":{"isOptional":false,"default":"","description":"","format":null,"title":"varDesktopFirstName","type":"string","value":""},"varFormLastName":{"isOptional":false,"default":"","description":"","format":null,"title":"varDesktopLastName","type":"string","value":""},"varFormJobTitle":{"isOptional":false,"default":"","description":"","format":null,"title":"varDesktopJobTitle","type":"string","value":""},"varFormMail":{"isOptional":false,"default":"","description":"","format":null,"title":"varDesktopMail","type":"string","value":""},"varFormTelephoneNumber":{"isOptional":false,"default":"","description":"","format":null,"title":"varDesktopTelephoneNumber","type":"string","value":""}},"type":"object"}}</Inputs>
      <Outputs>{"schema":null}</Outputs>
      <Dependencies>{"childFlows":[],"workQueues":[],"environmentVariables":[],"requiredBinaries":["f5ccadd3-3017-4898-b1ff-ed2f2faa0153","abe164be-610e-4764-873a-34128367eb2c","04409939-227a-4f20-b668-355d1daa766b","9f2ab4fe-5a14-4cce-b7b1-222bd4cf2c65"]}</Dependencies>
      <ConnectionReferences>[]</ConnectionReferences>
      <Definition>"@@ConnectionString: ''\r\n@@Type: 'Local'\r\n@@DesktopType: 'local'\r\n@@DisplayName: 'Local computer'\r\nIMPORT 'controlRepo.appmask' AS appmask\r\nIMPORT 'imageRepo.imgrepo' AS imgrepo\r\n@SENSITIVE: []\r\n@INPUT varFormCompanyName : { 'Description': '', 'FriendlyName': 'varDesktopCompanyName', 'Type': 'String', 'IsOptional': False, 'DefaultValue': '' } \r\n@INPUT varFormFirstName : { 'Description': '', 'FriendlyName': 'varDesktopFirstName', 'Type': 'String', 'IsOptional': False, 'DefaultValue': '' } \r\n@INPUT varFormLastName : { 'Description': '', 'FriendlyName': 'varDesktopLastName', 'Type': 'String', 'IsOptional': False, 'DefaultValue': '' } \r\n@INPUT varFormJobTitle : { 'Description': '', 'FriendlyName': 'varDesktopJobTitle', 'Type': 'String', 'IsOptional': False, 'DefaultValue': '' } \r\n@INPUT varFormMail : { 'Description': '', 'FriendlyName': 'varDesktopMail', 'Type': 'String', 'IsOptional': False, 'DefaultValue': '' } \r\n@INPUT varFormTelephoneNumber : { 'Description': '', 'FriendlyName': 'varDesktopTelephoneNumber', 'Type': 'String', 'IsOptional': False, 'DefaultValue': '' } \r\nSystem.RunApplication.RunApplication ApplicationPath: $'''C:\\\\Program Files\\\\Microsoft Office\\\\root\\\\Office16\\\\MSACCESS.EXE''' CommandLineArguments: $'''\\\"C:\\\\Users\\\\labadmin\\\\Documents\\\\Database1.accdb\\\"''' WindowStyle: System.ProcessWindowStyle.Maximized ProcessId=&gt; AppProcessId\r\n# Start of autogenerated actions using the recorder\r\n@@source: 'Recorder'\r\nUIAutomation.PressButton Button: appmask['Window \\'Contact Management Database\\'']['Button \\'New Contact\\'']\r\n@@source: 'Recorder'\r\nUIAutomation.Click.Click Element: appmask['Window \\'Contact Management Database\\'']['Edit \\'First Name\\''] ClickType: UIAutomation.ClickType.LeftClick OffsetX: 15 OffsetY: -3 MousePositionRelativeToElement: UIAutomation.RectangleEdgePoint.MiddleLeft\r\nMouseAndKeyboard.SendKeys.FocusAndSendKeys TextToSend: varFormFirstName DelayBetweenKeystrokes: 10 SendTextAsHardwareKeys: False\r\n@@source: 'Recorder'\r\nUIAutomation.Click.Click Element: appmask['Window \\'Contact Management Database\\'']['Edit \\'Last Name\\''] ClickType: UIAutomation.ClickType.LeftClick OffsetX: 11 OffsetY: -1 MousePositionRelativeToElement: UIAutomation.RectangleEdgePoint.MiddleLeft\r\nMouseAndKeyboard.SendKeys.FocusAndSendKeys TextToSend: varFormLastName DelayBetweenKeystrokes: 10 SendTextAsHardwareKeys: False\r\n@@source: 'Recorder'\r\nWAIT 2\r\n@@source: 'Recorder'\r\nUIAutomation.Click.Click Element: appmask['Window \\'Contact Management Database\\'']['Edit \\'Edit Box collapsed\\''] ClickType: UIAutomation.ClickType.LeftClick OffsetX: 30 OffsetY: 8 MousePositionRelativeToElement: UIAutomation.RectangleEdgePoint.TopLeft\r\nMouseAndKeyboard.SendKeys.FocusAndSendKeys TextToSend: varFormCompanyName DelayBetweenKeystrokes: 10 SendTextAsHardwareKeys: False\r\n@@source: 'Recorder'\r\nWAIT 2\r\n@@source: 'Recorder'\r\nUIAutomation.Click.Click Element: appmask['Window \\'Contact Management Database\\'']['Edit \\'Edit Box collapsed\\' 2'] ClickType: UIAutomation.ClickType.LeftClick OffsetX: 47 OffsetY: -1 MousePositionRelativeToElement: UIAutomation.RectangleEdgePoint.MiddleLeft\r\nMouseAndKeyboard.SendKeys.FocusAndSendKeys TextToSend: varFormJobTitle DelayBetweenKeystrokes: 10 SendTextAsHardwareKeys: False\r\n@@source: 'Recorder'\r\nUIAutomation.Click.Click Element: appmask['Window \\'Contact Management Database\\'']['Edit \\'E-mail \\''] ClickType: UIAutomation.ClickType.LeftClick OffsetX: 24 OffsetY: -5 MousePositionRelativeToElement: UIAutomation.RectangleEdgePoint.MiddleLeft\r\n@@source: 'Recorder'\r\nWAIT 2\r\nMouseAndKeyboard.SendKeys.FocusAndSendKeys TextToSend: varFormMail DelayBetweenKeystrokes: 10 SendTextAsHardwareKeys: False\r\n@@source: 'Recorder'\r\nUIAutomation.Click.Click Element: appmask['Window \\'Contact Management Database\\'']['Edit \\'Business Phone\\''] ClickType: UIAutomation.ClickType.LeftClick OffsetX: 22 OffsetY: 0 MousePositionRelativeToElement: UIAutomation.RectangleEdgePoint.MiddleLeft\r\n@@source: 'Recorder'\r\nWAIT 2\r\nMouseAndKeyboard.SendKeys.FocusAndSendKeys TextToSend: varFormTelephoneNumber DelayBetweenKeystrokes: 10 SendTextAsHardwareKeys: False\r\n@@source: 'Recorder'\r\nUIAutomation.PressButton Button: appmask['Window \\'Contact Management Database\\'']['Button \\'Close\\'']\r\n@@source: 'Recorder'\r\nUIAutomation.PressButton Button: appmask['Window \\'Contact Management Database\\'']['Button \\'Close\\' 2']\r\n# End of autogenerated actions using the recorder\r\n"</Definition>
      <SchemaVersion>2022.07</SchemaVersion>
      <Claims>[{"name":"selfheal"}]</Claims>
      <DesktopFlowModules>[]</DesktopFlowModules>
      <Credentials>[]</Credentials>
      <PrimaryEntity>none</PrimaryEntity>
      <LocalizedNames>
        <LocalizedName languagecode="1033" description="Chapter 19 - Add to contact database (Desktop side)" />
      </LocalizedNames>
    </Workflow>
  </Workflows>
  <FieldSecurityProfiles></FieldSecurityProfiles>
  <Templates />
  <EntityMaps />
  <EntityRelationships />
  <OrganizationSettings />
  <optionsets />
  <CustomControls />
  <EntityDataProviders />
  <Languages>
    <Language>1033</Language>
  </Languages>
</ImportExportXml>