<desktopflowbinary desktopflowbinaryid="abe164be-610e-4764-873a-34128367eb2c">
  <data mimetype="application/json">ControlRepository_10837596-0926-421a-9ae0-7e14c8896902.json</data>
  <iscustomizable>1</iscustomizable>
  <metadata>{}</metadata>
  <mimetype>application/json</mimetype>
  <name>Desktop flow ui elements</name>
  <process>
    <workflowid>8211bfd2-1a3d-432f-9f16-b92f3d5c58d1</workflowid>
  </process>
  <reference>controlRepo.appmask</reference>
  <statecode>0</statecode>
  <statuscode>1</statuscode>
  <type>ControlRepository</type>
</desktopflowbinary>