{"CreatedEngineVersion":{"Major":2,"Minor":17,"Build":154,"Revision":25253,"MajorRevision":0,"MinorRevision":25253},"ModuleReferences":[{"AssemblyName":"Microsoft.Flow.RPA.Desktop.Modules.System.Actions","Name":"System","Id":"00000000-0000-0000-0000-000000000000","PublicKeyToken":"31bf3856ad364e35","Type":1,"Version":{"Major":1,"Minor":5,"Build":0,"Revision":0,"MajorRevision":0,"MinorRevision":0}},{"AssemblyName":"Microsoft.Flow.RPA.Desktop.Modules.UIAutomation.Actions","Name":"UIAutomation","Id":"00000000-0000-0000-0000-000000000000","PublicKeyToken":"31bf3856ad364e35","Type":1,"Version":{"Major":1,"Minor":9,"Build":0,"Revision":0,"MajorRevision":0,"MinorRevision":0}},{"AssemblyName":"Microsoft.Flow.RPA.Desktop.Modules.MouseAndKeyboard.Actions","Name":"MouseAndKeyboard","Id":"00000000-0000-0000-0000-000000000000","PublicKeyToken":"31bf3856ad364e35","Type":1,"Version":{"Major":1,"Minor":6,"Build":0,"Revision":0,"MajorRevision":0,"MinorRevision":0}}],"ConnectorReferences":[],"PowerFxEnabled":false,"EngineVersion":{"Major":2,"Minor":10,"Build":154,"Revision":25253,"MajorRevision":0,"MinorRevision":25253},"PowerFxVersion":{"Major":1,"Minor":10,"Build":20241004,"Revision":2,"MajorRevision":0,"MinorRevision":2}}