<desktopflowbinary desktopflowbinaryid="8d72c108-bb63-4191-8b8c-80b026ae860f">
  <data mimetype="image/png">ControlRepositoryImageFile_8d72c108-bb63-4191-8b8c-80b026ae860f.png</data>
  <iscustomizable>1</iscustomizable>
  <metadata>{}</metadata>
  <mimetype>image/png</mimetype>
  <name>Desktop flow ui element screenshot</name>
  <process>
    <workflowid>8211bfd2-1a3d-432f-9f16-b92f3d5c58d1</workflowid>
  </process>
  <reference>controlRepo-screenshots\cee9b3f8-0cfd-4d06-8bd6-bdcb0d6d0f0c.png</reference>
  <statecode>0</statecode>
  <statuscode>1</statuscode>
  <type>ControlRepositoryImageFile</type>
</desktopflowbinary>