{"name":"2c1c122c-92b3-42d5-9e4f-806591d86d80","id":"/providers/Microsoft.Flow/flows/2c1c122c-92b3-42d5-9e4f-806591d86d80","type":"Microsoft.Flow/flows","properties":{"apiId":"/providers/Microsoft.PowerApps/apis/shared_logicflows","displayName":"Chapter 19 - Add Contact to Access Database","definition":{"metadata":{"workflowEntityId":null,"processAdvisorMetadata":null,"flowChargedByPaygo":null,"flowclientsuspensionreason":"None","flowclientsuspensiontime":null,"flowclientsuspensionreasondetails":null,"creator":{"id":"83a7637b-0579-4972-9387-38cf4acc552c","type":"User","tenantId":"27e8797c-c1a2-46f5-ae46-a802d2e90028"},"provisioningMethod":"FromDefinition","failureAlertSubscription":true,"clientLastModifiedTime":"2025-10-07T22:12:08.9619559Z","connectionKeySavedTimeKey":"2025-10-07T22:12:08.9619559Z","creationSource":"Portal","modifiedSources":"Portal"},"$schema":"https://schema.management.azure.com/providers/Microsoft.Logic/schemas/2016-06-01/workflowdefinition.json#","contentVersion":"1.0.0.0","parameters":{"$authentication":{"defaultValue":{},"type":"SecureObject"},"$connections":{"defaultValue":{},"type":"Object"}},"triggers":{"When_a_new_response_is_submitted":{"splitOn":"@triggerOutputs()?['body/value']","type":"OpenApiConnectionWebhook","inputs":{"parameters":{"form_id":"fHnoJ6LB9UauRqgC0ukAKHtjp4N5BXJJk4c4z0rMVSxUQjhGVlQzUTJQWjhUUVZKNzA3Qk03MFFINS4u"},"host":{"apiId":"/providers/Microsoft.PowerApps/apis/shared_microsoftforms","connectionName":"shared_microsoftforms","operationId":"CreateFormWebhook"},"authentication":"@parameters('$authentication')"}}},"actions":{"Get_response_details":{"runAfter":{},"type":"OpenApiConnection","inputs":{"parameters":{"form_id":"fHnoJ6LB9UauRqgC0ukAKHtjp4N5BXJJk4c4z0rMVSxUQjhGVlQzUTJQWjhUUVZKNzA3Qk03MFFINS4u","response_id":"@triggerOutputs()?['body/resourceData/responseId']"},"host":{"apiId":"/providers/Microsoft.PowerApps/apis/shared_microsoftforms","connectionName":"shared_microsoftforms","operationId":"GetFormResponseById"},"authentication":"@parameters('$authentication')"}},"Run_a_flow_built_with_Power_Automate_for_desktop":{"runAfter":{"Get_response_details":["Succeeded"]},"type":"OpenApiConnection","inputs":{"parameters":{"uiFlowId":"8211bfd2-1a3d-432f-9f16-b92f3d5c58d1","runMode":"unattended","item/varFormCompanyName":"@outputs('Get_response_details')?['body/r42d9211ee8f94ff6bb2a82f89e3d2cdf']","item/varFormFirstName":"@outputs('Get_response_details')?['body/re8b124a8314942d4856f786f4a0258d9']","item/varFormLastName":"@outputs('Get_response_details')?['body/re1f9e4fe98bc410b93d9bab3d6d49352']","item/varFormJobTitle":"@outputs('Get_response_details')?['body/ra5fc86f4a5e5465983a5c724984d88c9']","item/varFormMail":"@outputs('Get_response_details')?['body/r9bb09fe4717a44e2a7db30ee2448a61d']","item/varFormTelephoneNumber":"@outputs('Get_response_details')?['body/r5ba6572b365145de87d7a971eae51db2']"},"host":{"apiId":"/providers/Microsoft.PowerApps/apis/shared_uiflow","connectionName":"shared_uiflow","operationId":"RunUIFlow_V2"},"authentication":"@parameters('$authentication')"}}},"outputs":{}},"connectionReferences":{"shared_microsoftforms":{"connectionName":"shared-microsoftform-482e31d1-3829-486c-934b-afd6d740434c","source":"Embedded","id":"/providers/Microsoft.PowerApps/apis/shared_microsoftforms","tier":"NotSpecified","apiName":"microsoftforms","isProcessSimpleApiReferenceConversionAlreadyDone":false},"shared_uiflow":{"connectionName":"shared-uiflow-4d7b68e9-08ad-49e6-bf8f-26413b57dd9b","source":"Embedded","id":"/providers/Microsoft.PowerApps/apis/shared_uiflow","tier":"NotSpecified","apiName":"uiflow","isProcessSimpleApiReferenceConversionAlreadyDone":false}},"flowFailureAlertSubscribed":false,"isManaged":false}}