{"name":"656d9b77-e98d-4e2b-b68e-eb00f7e55a13","id":"/providers/Microsoft.Flow/flows/656d9b77-e98d-4e2b-b68e-eb00f7e55a13","type":"Microsoft.Flow/flows","properties":{"apiId":"/providers/Microsoft.PowerApps/apis/shared_logicflows","displayName":"Chapter 11 - Purchase Order Request Two-Stage Approval (Parallel)","definition":{"metadata":{"workflowEntityId":null,"processAdvisorMetadata":null,"flowChargedByPaygo":null,"flowclientsuspensionreason":"None","flowclientsuspensiontime":null,"flowclientsuspensionreasondetails":null,"creator":{"id":"83a7637b-0579-4972-9387-38cf4acc552c","type":"User","tenantId":"27e8797c-c1a2-46f5-ae46-a802d2e90028"},"provisioningMethod":"FromDefinition","failureAlertSubscription":true,"clientLastModifiedTime":"2025-09-22T17:50:56.1242962Z","connectionKeySavedTimeKey":"2025-09-22T17:50:22.1236421Z","creationSource":null,"modifiedSources":"Portal"},"$schema":"https://schema.management.azure.com/providers/Microsoft.Logic/schemas/2016-06-01/workflowdefinition.json#","contentVersion":"1.0.0.0","parameters":{"$authentication":{"defaultValue":{},"type":"SecureObject"},"$connections":{"defaultValue":{},"type":"Object"}},"triggers":{"When_an_item_is_created":{"recurrence":{"frequency":"Minute","interval":1},"splitOn":"@triggerOutputs()?['body/value']","type":"OpenApiConnection","inputs":{"parameters":{"dataset":"https://o365ninja.sharepoint.com/sites/PurchaseOrderRequest","table":"f20bb6f8-b14a-4272-a936-ae2d1e9d4fa5"},"host":{"apiId":"/providers/Microsoft.PowerApps/apis/shared_sharepointonline","connectionName":"shared_sharepointonline","operationId":"GetOnNewItems"},"authentication":"@parameters('$authentication')"}}},"actions":{"Get_manager_(V2)":{"runAfter":{},"type":"OpenApiConnection","inputs":{"parameters":{"id":"@triggerBody()?['Author/Email']"},"host":{"apiId":"/providers/Microsoft.PowerApps/apis/shared_office365users","connectionName":"shared_office365users","operationId":"Manager_V2"},"authentication":"@parameters('$authentication')"}},"Evaluate_purchase_amount":{"actions":{"Update_item":{"type":"OpenApiConnection","inputs":{"parameters":{"dataset":"https://o365ninja.sharepoint.com/sites/PurchaseOrderRequest","table":"f20bb6f8-b14a-4272-a936-ae2d1e9d4fa5","id":"@triggerBody()?['ID']","item/Title":"@triggerBody()?['Title']","item/PurchaseAmount":"@triggerBody()?['PurchaseAmount']","item/Pre_x002d_approvalrequired":true,"item/Pre_x002d_approved":false,"item/Approved":false},"host":{"apiId":"/providers/Microsoft.PowerApps/apis/shared_sharepointonline","connectionName":"shared_sharepointonline","operationId":"PatchItem"},"authentication":"@parameters('$authentication')"}},"Start_and_wait_for_an_approval":{"runAfter":{"Update_item":["Succeeded"]},"type":"OpenApiConnectionWebhook","inputs":{"parameters":{"approvalType":"Basic","WebhookApprovalCreationInput/title":"@triggerBody()?['Title']","WebhookApprovalCreationInput/assignedTo":"@outputs('Get_manager_(V2)')?['body/mail']","WebhookApprovalCreationInput/itemLink":"@triggerBody()?['{Link}']","WebhookApprovalCreationInput/enableNotifications":true,"WebhookApprovalCreationInput/enableReassignment":true},"host":{"apiId":"/providers/Microsoft.PowerApps/apis/shared_approvals","connectionName":"shared_approvals","operationId":"StartAndWaitForAnApproval"},"authentication":"@parameters('$authentication')"}}},"runAfter":{"FirstApprovalDone":["Succeeded"]},"else":{"actions":{"Create_an_approval":{"type":"OpenApiConnection","inputs":{"parameters":{"approvalType":"Basic","ApprovalCreationInput/title":"@triggerBody()?['Title']","ApprovalCreationInput/assignedTo":"@outputs('Get_manager_(V2)')?['body/mail']","ApprovalCreationInput/itemLink":"@triggerBody()?['{Link}']","ApprovalCreationInput/requestor":"@triggerBody()?['Author/Email']","ApprovalCreationInput/enableNotifications":true,"ApprovalCreationInput/enableReassignment":true},"host":{"apiId":"/providers/Microsoft.PowerApps/apis/shared_approvals","connectionName":"shared_approvals","operationId":"CreateAnApproval"},"authentication":"@parameters('$authentication')"}},"Terminate":{"runAfter":{"Create_an_approval":["Succeeded"]},"type":"Terminate","inputs":{"runStatus":"Succeeded"}}}},"expression":{"and":[{"greater":["@triggerBody()?['PurchaseAmount']",1000]}]},"type":"If"},"Evaluate_Stage_1_Approval":{"actions":{"Update_item_(Approve_Stage_1)":{"type":"OpenApiConnection","inputs":{"parameters":{"dataset":"https://o365ninja.sharepoint.com/sites/PurchaseOrderRequest","table":"f20bb6f8-b14a-4272-a936-ae2d1e9d4fa5","id":"@triggerBody()?['ID']","item/Title":"@triggerBody()?['Title']","item/Pre_x002d_approvalrequired":true,"item/Pre_x002d_approved":true,"item/Approved":false},"host":{"apiId":"/providers/Microsoft.PowerApps/apis/shared_sharepointonline","connectionName":"shared_sharepointonline","operationId":"PatchItem"},"authentication":"@parameters('$authentication')"}},"Start_and_wait_for_an_approval_(Stage_1)":{"runAfter":{"Update_item_(Approve_Stage_1)":["Succeeded"]},"type":"OpenApiConnectionWebhook","inputs":{"parameters":{"approvalType":"Basic","WebhookApprovalCreationInput/title":"@triggerBody()?['Title']","WebhookApprovalCreationInput/assignedTo":"financemanager@o365ninja.com","WebhookApprovalCreationInput/itemLink":"@triggerBody()?['{Link}']","WebhookApprovalCreationInput/enableNotifications":true,"WebhookApprovalCreationInput/enableReassignment":true},"host":{"apiId":"/providers/Microsoft.PowerApps/apis/shared_approvals","connectionName":"shared_approvals","operationId":"StartAndWaitForAnApproval"},"authentication":"@parameters('$authentication')"}},"Delay":{"runAfter":{"Update_item_(Approve_Stage_1)":["Succeeded"]},"type":"Wait","inputs":{"interval":{"count":1,"unit":"Day"}}},"Do_until":{"actions":{"Send_an_approval_notification_email":{"type":"OpenApiConnection","inputs":{"parameters":{"emailMessage/To":"@outputs('Get_manager_(V2)')?['body/mail']","emailMessage/Subject":"You have an approval waiting for you!","emailMessage/Body":"<p class=\"editor-paragraph\">You have a request waiting for an approval! Launch the Microsoft Teams Approvals app, check Outlook for an email with an approval message, or navigate to  <a href=\"https://make.powerautomate.com\" class=\"editor-link\">https://make.powerautomate</a>.com and select <b><strong class=\"editor-text-bold\">Approvals </strong></b>to see what's waiting.</p>","emailMessage/Importance":"Normal"},"host":{"apiId":"/providers/Microsoft.PowerApps/apis/shared_office365","connectionName":"shared_office365","operationId":"SendEmailV2"},"authentication":"@parameters('$authentication')"}},"Wait_one_day":{"runAfter":{"Send_an_approval_notification_email":["Succeeded"]},"type":"Wait","inputs":{"interval":{"count":1,"unit":"Day"}}}},"runAfter":{"Delay":["Succeeded"]},"expression":"@equals(variables('FirstApprovalDone'),true)","limit":{"count":60,"timeout":"PT1H"},"type":"Until"},"Update_FirstApprovalDone":{"runAfter":{"Start_and_wait_for_an_approval_(Stage_1)":["Succeeded"]},"type":"SetVariable","inputs":{"name":"FirstApprovalDone","value":true}}},"runAfter":{"Evaluate_purchase_amount":["Succeeded"]},"else":{"actions":{"Send_an_email_(V2)_(Deny_Stage_1)":{"type":"OpenApiConnection","inputs":{"parameters":{"emailMessage/To":"@triggerBody()?['Author/Email']","emailMessage/Subject":"Approval request denied: @{triggerBody()?['Title']}","emailMessage/Body":"<p class=\"editor-paragraph\">We regret to inform you that the purchase request @{triggerBody()?['Title']} has been denied by @{outputs('Get_manager_(V2)')?['body/displayName']}.</p>","emailMessage/From":"noreply@o365ninja.com","emailMessage/Importance":"Normal"},"host":{"apiId":"/providers/Microsoft.PowerApps/apis/shared_office365","connectionName":"shared_office365","operationId":"SendEmailV2"},"authentication":"@parameters('$authentication')"}},"Terminate_1":{"runAfter":{"Send_an_email_(V2)_(Deny_Stage_1)":["Succeeded"]},"type":"Terminate","inputs":{"runStatus":"Succeeded"}}}},"expression":{"and":[{"equals":["@outputs('Start_and_wait_for_an_approval')?['body/outcome']","Approve"]}]},"type":"If"},"Evaluate_Stage_2_Approval":{"actions":{"Update_item_(Approve_Stage_2)":{"type":"OpenApiConnection","inputs":{"parameters":{"dataset":"https://o365ninja.sharepoint.com/sites/PurchaseOrderRequest","table":"f20bb6f8-b14a-4272-a936-ae2d1e9d4fa5","id":"@triggerBody()?['ID']","item/Title":"@triggerBody()?['Title']","item/Pre_x002d_approvalrequired":true,"item/Pre_x002d_approved":true,"item/Approved":true},"host":{"apiId":"/providers/Microsoft.PowerApps/apis/shared_sharepointonline","connectionName":"shared_sharepointonline","operationId":"PatchItem"},"authentication":"@parameters('$authentication')"}},"Send_an_email_(V2)_(Approve_Stage_2)":{"runAfter":{"Update_item_(Approve_Stage_2)":["Succeeded"]},"type":"OpenApiConnection","inputs":{"parameters":{"emailMessage/To":"@triggerBody()?['Author/Email']","emailMessage/Subject":"Approval request denied: @{triggerBody()?['Title']}","emailMessage/Body":"<p class=\"editor-paragraph\">We are happy to inform you that the purchase request @{triggerBody()?['Title']} has been approved by @{outputs('Get_manager_(V2)')?['body/displayName']}.</p>","emailMessage/From":"noreply@o365ninja.com","emailMessage/Importance":"Normal"},"host":{"apiId":"/providers/Microsoft.PowerApps/apis/shared_office365","connectionName":"shared_office365","operationId":"SendEmailV2"},"authentication":"@parameters('$authentication')"}},"Terminate_(Approve_Stage_2)":{"runAfter":{"Send_an_email_(V2)_(Approve_Stage_2)":["Succeeded"]},"type":"Terminate","inputs":{"runStatus":"Succeeded"}}},"runAfter":{"Evaluate_Stage_1_Approval":["Succeeded"]},"else":{"actions":{"Send_an_email_(V2)_(Deny_Stage_2)":{"type":"OpenApiConnection","inputs":{"parameters":{"emailMessage/To":"@triggerBody()?['Author/Email']","emailMessage/Subject":"Approval request denied: @{triggerBody()?['Title']}","emailMessage/Body":"<p class=\"editor-paragraph\">We regret to inform you that the purchase request @{triggerBody()?['Title']} has been denied by @{outputs('Get_manager_(V2)')?['body/displayName']}.</p>","emailMessage/From":"noreply@o365ninja.com","emailMessage/Importance":"Normal"},"host":{"apiId":"/providers/Microsoft.PowerApps/apis/shared_office365","connectionName":"shared_office365","operationId":"SendEmailV2"},"authentication":"@parameters('$authentication')"}},"Update_item_(Stage_1)_(Deny_Stage_2)":{"runAfter":{"Send_an_email_(V2)_(Deny_Stage_2)":["Succeeded"]},"type":"OpenApiConnection","inputs":{"parameters":{"dataset":"https://o365ninja.sharepoint.com/sites/PurchaseOrderRequest","table":"f20bb6f8-b14a-4272-a936-ae2d1e9d4fa5","id":"@triggerBody()?['ID']","item/Title":"@triggerBody()?['Title']","item/Pre_x002d_approvalrequired":true,"item/Pre_x002d_approved":false,"item/Approved":false},"host":{"apiId":"/providers/Microsoft.PowerApps/apis/shared_sharepointonline","connectionName":"shared_sharepointonline","operationId":"PatchItem"},"authentication":"@parameters('$authentication')"}},"Terminate_(Deny_Stage_2)":{"runAfter":{"Update_item_(Stage_1)_(Deny_Stage_2)":["Succeeded"]},"type":"Terminate","inputs":{"runStatus":"Succeeded"}}}},"expression":{"and":[{"equals":["@outputs('Start_and_wait_for_an_approval_(Stage_1)')?['body/outcome']","Approve"]}]},"type":"If"},"FirstApprovalDone":{"runAfter":{"Get_manager_(V2)":["Succeeded"]},"type":"InitializeVariable","inputs":{"variables":[{"name":"FirstApprovalDone","type":"boolean","value":false}]}}},"outputs":{}},"connectionReferences":{"shared_sharepointonline":{"connectionName":"shared-sharepointonl-943e11a0-4914-4e80-8672-64de24ad9029","source":"Embedded","id":"/providers/Microsoft.PowerApps/apis/shared_sharepointonline","tier":"NotSpecified","apiName":"sharepointonline","isProcessSimpleApiReferenceConversionAlreadyDone":false},"shared_office365users":{"connectionName":"5ed626dc90874b5399396d4b760f9de6","source":"Embedded","id":"/providers/Microsoft.PowerApps/apis/shared_office365users","tier":"NotSpecified","apiName":"office365users","isProcessSimpleApiReferenceConversionAlreadyDone":false},"shared_approvals":{"connectionName":"shared-approvals-faa5b055-ad29-41d3-b203-d4d246fd85d6","source":"Embedded","id":"/providers/Microsoft.PowerApps/apis/shared_approvals","tier":"NotSpecified","apiName":"approvals","isProcessSimpleApiReferenceConversionAlreadyDone":false},"shared_office365":{"connectionName":"shared-office365-8fbf6d61-39ef-4359-8257-8bed139b08e8","source":"Embedded","id":"/providers/Microsoft.PowerApps/apis/shared_office365","tier":"NotSpecified","apiName":"office365","isProcessSimpleApiReferenceConversionAlreadyDone":false}},"flowFailureAlertSubscribed":false,"isManaged":false}}