{"name":"2b01714a-10f8-4e4a-8b51-38d9da2d3414","id":"/providers/Microsoft.Flow/flows/2b01714a-10f8-4e4a-8b51-38d9da2d3414","type":"Microsoft.Flow/flows","properties":{"apiId":"/providers/Microsoft.PowerApps/apis/shared_logicflows","displayName":"Chapter 17 - MFA Registration Report","definition":{"metadata":{"workflowEntityId":null,"processAdvisorMetadata":null,"flowChargedByPaygo":null,"flowclientsuspensionreason":"None","flowclientsuspensiontime":null,"flowclientsuspensionreasondetails":null,"creator":{"id":"83a7637b-0579-4972-9387-38cf4acc552c","type":"User","tenantId":"27e8797c-c1a2-46f5-ae46-a802d2e90028"},"provisioningMethod":"FromDefinition","failureAlertSubscription":true,"clientLastModifiedTime":"2025-10-05T14:30:22.8712806Z","connectionKeySavedTimeKey":"2025-10-05T14:30:22.8712806Z","creationSource":"Portal","modifiedSources":"Portal"},"$schema":"https://schema.management.azure.com/providers/Microsoft.Logic/schemas/2016-06-01/workflowdefinition.json#","contentVersion":"undefined","parameters":{"$authentication":{"defaultValue":{},"type":"SecureObject"},"$connections":{"defaultValue":{},"type":"Object"}},"triggers":{"Recurrence":{"recurrence":{"frequency":"Week","interval":"1","startTime":"2025-10-04T14:00:00.000Z","schedule":{"weekDays":["Monday"]}},"type":"Recurrence"}},"actions":{"HTTP":{"runAfter":{},"type":"Http","inputs":{"uri":"https://graph.microsoft.com/beta/reports/credentialUserRegistrationDetails","method":"GET","queries":{"$filter":"isMfaRegistered eq false"},"authentication":{"type":"ActiveDirectoryOAuth","tenant":"27e8797c-c1a2-46f5-ae46-a802d2e90028","audience":"https://graph.microsoft.com","clientId":"17072841-1412-4688-b1fa-8eb0a75d4391","secret":"kNb8Q~VJT9YOzOKFOGnya0BB.cNwG48jRo2_2bVF"}},"runtimeConfiguration":{"paginationPolicy":{"minimumItemCount":5000},"contentTransfer":{"transferMode":"Chunked"}}},"Parse_JSON":{"runAfter":{"HTTP":["Succeeded"]},"type":"ParseJson","inputs":{"content":"@body('HTTP')","schema":{"type":"object","properties":{"body":{"type":"object","properties":{"value":{"type":"array","items":{"type":"object","properties":{"id":{"type":"string"},"userPrincipalName":{"type":"string"},"userDisplayName":{"type":"string"},"isRegistered":{"type":"boolean"},"isEnabled":{"type":"boolean"},"isCapable":{"type":"boolean"},"isMfaRegistered":{"type":"boolean"},"authMethods":{"type":"array"}},"required":["id","userPrincipalName","userDisplayName","isRegistered","isEnabled","isCapable","isMfaRegistered","authMethods"]}}}}}}}},"Filter_array":{"runAfter":{"Parse_JSON":["Succeeded"]},"type":"Query","inputs":{"from":"@body('Parse_JSON')?['value']","where":"@not(equals(body('Parse_JSON'),null))"}},"Create_CSV_table":{"runAfter":{"Filter_array":["Succeeded"]},"type":"Table","inputs":{"from":"@body('Filter_array')","format":"CSV","columns":[{"header":"DisplayName","value":"@item()['userDisplayName']"},{"header":"Address","value":"@item()['userPrincipalName']"}]}},"Send_an_email_(V2)":{"runAfter":{"Create_CSV_table":["Succeeded"]},"type":"OpenApiConnection","inputs":{"parameters":{"emailMessage/To":"aaron@undocumented-features.com","emailMessage/Subject":"Weekly report of users without MFA","emailMessage/Body":"<p class=\"editor-paragraph\">Weekly report of users who have not completed MFA registration</p>","emailMessage/Attachments":[{"Name":"WeeklyMFAReport.csv","ContentBytes":"@body('Create_CSV_table')"}],"emailMessage/Importance":"Normal"},"host":{"apiId":"/providers/Microsoft.PowerApps/apis/shared_office365","connectionName":"shared_office365","operationId":"SendEmailV2"},"authentication":"@parameters('$authentication')"}}}},"connectionReferences":{"shared_office365":{"connectionName":"shared-office365-8fbf6d61-39ef-4359-8257-8bed139b08e8","source":"Embedded","id":"/providers/Microsoft.PowerApps/apis/shared_office365","tier":"NotSpecified","apiName":"office365","isProcessSimpleApiReferenceConversionAlreadyDone":false}},"flowFailureAlertSubscribed":false,"isManaged":false}}