<desktopflowbinary desktopflowbinaryid="e15b0e54-b07d-42b2-a638-a337a5819059">
  <data mimetype="application/json">ManifestFile_e15b0e54-b07d-42b2-a638-a337a5819059.json</data>
  <iscustomizable>1</iscustomizable>
  <metadata>{}</metadata>
  <mimetype>application/json</mimetype>
  <name>Desktop flow manifest file</name>
  <process>
    <workflowid>86ba43d1-12d7-49a3-9a71-26200645563e</workflowid>
  </process>
  <reference>flow.manifest</reference>
  <statecode>0</statecode>
  <statuscode>1</statuscode>
  <type>ManifestFile</type>
</desktopflowbinary>