<desktopflowbinary desktopflowbinaryid="510f3cdd-9712-4ce1-9893-ad6b7b17e332">
  <data mimetype="image/png">ControlRepositoryImageFile_510f3cdd-9712-4ce1-9893-ad6b7b17e332.png</data>
  <iscustomizable>1</iscustomizable>
  <metadata>{}</metadata>
  <mimetype>image/png</mimetype>
  <name>Desktop flow ui element screenshot</name>
  <process>
    <workflowid>8211bfd2-1a3d-432f-9f16-b92f3d5c58d1</workflowid>
  </process>
  <reference>controlRepo-screenshots\ab09f684-6292-40c1-9c7a-bd56a5c103db.png</reference>
  <statecode>0</statecode>
  <statuscode>1</statuscode>
  <type>ControlRepositoryImageFile</type>
</desktopflowbinary>