{"name":"dca258f7-1d29-484e-b2bb-16bfdc6dfacf","id":"/providers/Microsoft.Flow/flows/dca258f7-1d29-484e-b2bb-16bfdc6dfacf","type":"Microsoft.Flow/flows","properties":{"apiId":"/providers/Microsoft.PowerApps/apis/shared_logicflows","displayName":"Chapter 06 - Generating push notifications","definition":{"metadata":{"workflowEntityId":null,"processAdvisorMetadata":null,"flowChargedByPaygo":null,"flowclientsuspensionreason":"None","flowclientsuspensiontime":null,"flowclientsuspensionreasondetails":null,"creator":{"id":"83a7637b-0579-4972-9387-38cf4acc552c","type":"User","tenantId":"27e8797c-c1a2-46f5-ae46-a802d2e90028"},"provisioningMethod":"FromDefinition","failureAlertSubscription":true,"clientLastModifiedTime":"2025-04-28T04:29:10.2159349Z","connectionKeySavedTimeKey":"2025-04-28T04:29:10.2159349Z","creationSource":"Portal","modifiedSources":"Portal"},"$schema":"https://schema.management.azure.com/providers/Microsoft.Logic/schemas/2016-06-01/workflowdefinition.json#","contentVersion":"1.0.0.0","parameters":{"$authentication":{"defaultValue":{},"type":"SecureObject"},"$connections":{"defaultValue":{},"type":"Object"}},"triggers":{"When_a_new_email_arrives_(V3)":{"splitOn":"@triggerOutputs()?['body/value']","type":"OpenApiConnectionNotification","inputs":{"parameters":{"includeAttachments":false,"importance":"Any","fetchOnlyWithAttachment":false,"folderPath":"Inbox"},"host":{"apiId":"/providers/Microsoft.PowerApps/apis/shared_office365","connectionName":"shared_office365","operationId":"OnNewEmailV3"},"authentication":"@parameters('$authentication')"}}},"actions":{"Get_my_profile_(V2)":{"runAfter":{},"type":"OpenApiConnection","inputs":{"host":{"apiId":"/providers/Microsoft.PowerApps/apis/shared_office365users","connectionName":"shared_office365users","operationId":"MyProfile_V2"},"authentication":"@parameters('$authentication')"}},"Get_manager_(V2)":{"runAfter":{"Get_my_profile_(V2)":["Succeeded"]},"type":"OpenApiConnection","inputs":{"parameters":{"id":"@outputs('Get_my_profile_(V2)')?['body/userPrincipalName']"},"host":{"apiId":"/providers/Microsoft.PowerApps/apis/shared_office365users","connectionName":"shared_office365users","operationId":"Manager_V2"},"authentication":"@parameters('$authentication')"}},"Condition":{"actions":{"Send_me_a_mobile_notification":{"type":"OpenApiConnection","inputs":{"parameters":{"NotificationDefinition/notificationText":"Check it out! A new email from your manager has arrived!","NotificationDefinition/notificationLink/uri":"ms-outlook://emails/message/open?restID=@{triggerOutputs()?['body/id']}","NotificationDefinition/notificationLink/label":"From: @{triggerOutputs()?['body/from']}, Subject: @{triggerOutputs()?['body/subject']}"},"host":{"apiId":"/providers/Microsoft.PowerApps/apis/shared_flowpush","connectionName":"shared_flowpush","operationId":"SendNotification"},"authentication":"@parameters('$authentication')"}}},"runAfter":{"Get_manager_(V2)":["Succeeded"]},"else":{"actions":{}},"expression":{"and":[{"contains":["@triggerOutputs()?['body/from']","@outputs('Get_manager_(V2)')?['body/mail']"]}]},"type":"If"}},"outputs":{}},"connectionReferences":{"shared_office365":{"connectionName":"shared-office365-8fbf6d61-39ef-4359-8257-8bed139b08e8","source":"Embedded","id":"/providers/Microsoft.PowerApps/apis/shared_office365","tier":"NotSpecified","apiName":"office365"},"shared_office365users":{"connectionName":"5ed626dc90874b5399396d4b760f9de6","source":"Embedded","id":"/providers/Microsoft.PowerApps/apis/shared_office365users","tier":"NotSpecified","apiName":"office365users"},"shared_flowpush":{"connectionName":"shared-flowpush-8311dfe2-1ff6-4992-a5f4-20ed7e624623","source":"Embedded","id":"/providers/Microsoft.PowerApps/apis/shared_flowpush","tier":"NotSpecified","apiName":"flowpush"}},"flowFailureAlertSubscribed":false,"isManaged":false}}