<desktopflowbinary desktopflowbinaryid="3c2d873c-7cae-45ce-8a40-a9805a051d88">
  <data mimetype="image/png">ControlRepositoryImageFile_3c2d873c-7cae-45ce-8a40-a9805a051d88.png</data>
  <iscustomizable>1</iscustomizable>
  <metadata>{}</metadata>
  <mimetype>image/png</mimetype>
  <name>Desktop flow ui element screenshot</name>
  <process>
    <workflowid>8211bfd2-1a3d-432f-9f16-b92f3d5c58d1</workflowid>
  </process>
  <reference>controlRepo-screenshots\7d4ad8bc-4564-4496-b5c1-1f87fca008ea.png</reference>
  <statecode>0</statecode>
  <statuscode>1</statuscode>
  <type>ControlRepositoryImageFile</type>
</desktopflowbinary>