<desktopflowbinary desktopflowbinaryid="90c8b590-9841-4896-89f7-b39451321726">
  <data mimetype="image/png">ControlRepositoryImageFile_90c8b590-9841-4896-89f7-b39451321726.png</data>
  <iscustomizable>1</iscustomizable>
  <metadata>{}</metadata>
  <mimetype>image/png</mimetype>
  <name>Desktop flow ui element screenshot</name>
  <process>
    <workflowid>8211bfd2-1a3d-432f-9f16-b92f3d5c58d1</workflowid>
  </process>
  <reference>controlRepo-screenshots\9ca8980c-d99b-48a5-b9c9-fb8bfbe1aaf5.png</reference>
  <statecode>0</statecode>
  <statuscode>1</statuscode>
  <type>ControlRepositoryImageFile</type>
</desktopflowbinary>