<desktopflowbinary desktopflowbinaryid="9fa7c702-7461-44c1-b55c-3a6fd9bb4f5a">
  <data mimetype="image/png">ControlRepositoryImageFile_9fa7c702-7461-44c1-b55c-3a6fd9bb4f5a.png</data>
  <iscustomizable>1</iscustomizable>
  <metadata>{}</metadata>
  <mimetype>image/png</mimetype>
  <name>Desktop flow ui element screenshot</name>
  <process>
    <workflowid>8211bfd2-1a3d-432f-9f16-b92f3d5c58d1</workflowid>
  </process>
  <reference>controlRepo-screenshots\334354d8-e254-4305-b4f5-ea3bb0cf2fd9.png</reference>
  <statecode>0</statecode>
  <statuscode>1</statuscode>
  <type>ControlRepositoryImageFile</type>
</desktopflowbinary>