<desktopflowbinary desktopflowbinaryid="53b7f6ea-8b3a-47c4-8e40-04c607859f90">
  <data mimetype="image/png">ControlRepositoryImageFile_53b7f6ea-8b3a-47c4-8e40-04c607859f90.png</data>
  <iscustomizable>1</iscustomizable>
  <metadata>{}</metadata>
  <mimetype>image/png</mimetype>
  <name>Desktop flow ui element screenshot</name>
  <process>
    <workflowid>86ba43d1-12d7-49a3-9a71-26200645563e</workflowid>
  </process>
  <reference>controlRepo-screenshots\2bedbb6e-446b-472e-9d41-b34781c5e9d5.png</reference>
  <statecode>0</statecode>
  <statuscode>1</statuscode>
  <type>ControlRepositoryImageFile</type>
</desktopflowbinary>