<desktopflowbinary desktopflowbinaryid="f5ccadd3-3017-4898-b1ff-ed2f2faa0153">
  <data mimetype="application/json">ManifestFile_f5ccadd3-3017-4898-b1ff-ed2f2faa0153.json</data>
  <iscustomizable>1</iscustomizable>
  <metadata>{}</metadata>
  <mimetype>application/json</mimetype>
  <name>Desktop flow manifest file</name>
  <process>
    <workflowid>8211bfd2-1a3d-432f-9f16-b92f3d5c58d1</workflowid>
  </process>
  <reference>flow.manifest</reference>
  <statecode>0</statecode>
  <statuscode>1</statuscode>
  <type>ManifestFile</type>
</desktopflowbinary>