<desktopflowbinary desktopflowbinaryid="1e2980d0-1d62-486a-b98d-522ab57504e2">
  <data mimetype="image/png">ControlRepositoryImageFile_1e2980d0-1d62-486a-b98d-522ab57504e2.png</data>
  <iscustomizable>1</iscustomizable>
  <metadata>{}</metadata>
  <mimetype>image/png</mimetype>
  <name>Desktop flow ui element screenshot</name>
  <process>
    <workflowid>86ba43d1-12d7-49a3-9a71-26200645563e</workflowid>
  </process>
  <reference>controlRepo-screenshots\7434ade2-fb17-4982-9b9c-d3627f601668.png</reference>
  <statecode>0</statecode>
  <statuscode>1</statuscode>
  <type>ControlRepositoryImageFile</type>
</desktopflowbinary>