{"name":"60b87cdb-23ac-4aad-944f-bb2be40d79d1","id":"/providers/Microsoft.Flow/flows/60b87cdb-23ac-4aad-944f-bb2be40d79d1","type":"Microsoft.Flow/flows","properties":{"apiId":"/providers/Microsoft.PowerApps/apis/shared_logicflows","displayName":"Chapter 09 - Working with arrays","definition":{"metadata":{"workflowEntityId":null,"processAdvisorMetadata":null,"flowChargedByPaygo":null,"flowclientsuspensionreason":"None","flowclientsuspensiontime":null,"flowclientsuspensionreasondetails":null,"creator":{"id":"83a7637b-0579-4972-9387-38cf4acc552c","type":"User","tenantId":"27e8797c-c1a2-46f5-ae46-a802d2e90028"},"provisioningMethod":"FromDefinition","failureAlertSubscription":true,"clientLastModifiedTime":"2025-09-01T17:42:44.2906463Z","connectionKeySavedTimeKey":"2025-09-01T17:42:44.2906463Z","creationSource":"Portal","modifiedSources":"Portal"},"$schema":"https://schema.management.azure.com/providers/Microsoft.Logic/schemas/2016-06-01/workflowdefinition.json#","contentVersion":"undefined","parameters":{"$authentication":{"defaultValue":{},"type":"SecureObject"},"$connections":{"defaultValue":{},"type":"Object"}},"triggers":{"manual":{"type":"Request","kind":"Button","inputs":{"schema":{"type":"object","properties":{"text":{"description":"Please enter your input","title":"Text","type":"string","x-ms-content-hint":"TEXT","x-ms-dynamically-added":true}},"required":["text"]}}}},"actions":{"Pizza_ingredients_1":{"runAfter":{"varPizzaIngredients1":["Succeeded"]},"type":"Compose","inputs":"@createArray('pepperoni', 'sausage', 'onions', 'mushrooms', 'olives', 'tomatoes', 'cheese', 'sauce')"},"Pizza_ingredients_2":{"runAfter":{"Pizza_ingredients_1":["Succeeded"]},"type":"Compose","inputs":"@createArray('ham', 'sausage', 'peppers', 'cheese', 'sauce')"},"Contains":{"runAfter":{"Pizza_ingredients_2":["Succeeded"]},"type":"Compose","inputs":"@contains(outputs('Pizza_ingredients_1'),'pepperoni')"},"Length":{"runAfter":{"Contains":["Succeeded"]},"type":"Compose","inputs":"@length(outputs('Pizza_ingredients_1'))"},"Empty":{"runAfter":{"Length":["Succeeded"]},"type":"Compose","inputs":"@empty(outputs('Pizza_ingredients_2'))"},"Intersection":{"runAfter":{"Empty":["Succeeded"]},"type":"Compose","inputs":"@intersection(outputs('Pizza_ingredients_1'),outputs('Pizza_ingredients_2'))"},"varPizzaIngredients1":{"runAfter":{},"type":"InitializeVariable","inputs":{"variables":[{"name":"PizzaIngredients1","type":"array","value":["pepperoni","sausage","onions","mushrooms","olives","tomatoes","cheese","sauce"]}]}}}},"connectionReferences":{},"flowFailureAlertSubscribed":false,"isManaged":false}}