<desktopflowbinary desktopflowbinaryid="256c6cc0-44cc-4b35-bfa1-3f648531dddd">
  <data mimetype="image/png">ControlRepositoryImageFile_256c6cc0-44cc-4b35-bfa1-3f648531dddd.png</data>
  <iscustomizable>1</iscustomizable>
  <metadata>{}</metadata>
  <mimetype>image/png</mimetype>
  <name>Desktop flow ui element screenshot</name>
  <process>
    <workflowid>86ba43d1-12d7-49a3-9a71-26200645563e</workflowid>
  </process>
  <reference>controlRepo-screenshots\8716baf0-18ed-4f74-9aeb-35eefd629a81.png</reference>
  <statecode>0</statecode>
  <statuscode>1</statuscode>
  <type>ControlRepositoryImageFile</type>
</desktopflowbinary>