<desktopflowbinary desktopflowbinaryid="d99f2856-7ef2-42bf-9031-b474c15ad73c">
  <data mimetype="image/png">ControlRepositoryImageFile_d99f2856-7ef2-42bf-9031-b474c15ad73c.png</data>
  <iscustomizable>1</iscustomizable>
  <metadata>{}</metadata>
  <mimetype>image/png</mimetype>
  <name>Desktop flow ui element screenshot</name>
  <process>
    <workflowid>86ba43d1-12d7-49a3-9a71-26200645563e</workflowid>
  </process>
  <reference>controlRepo-screenshots\9112c75b-2887-4dc6-a24c-18a6e185cd6d.png</reference>
  <statecode>0</statecode>
  <statuscode>1</statuscode>
  <type>ControlRepositoryImageFile</type>
</desktopflowbinary>