{"name":"0e80e634-f8dc-4170-a78c-9f77102326df","id":"/providers/Microsoft.Flow/flows/0e80e634-f8dc-4170-a78c-9f77102326df","type":"Microsoft.Flow/flows","properties":{"apiId":"/providers/Microsoft.PowerApps/apis/shared_logicflows","displayName":"Chapter 09 - Calculate business days","definition":{"metadata":{"workflowEntityId":null,"processAdvisorMetadata":null,"flowChargedByPaygo":null,"flowclientsuspensionreason":"None","flowclientsuspensiontime":null,"flowclientsuspensionreasondetails":null,"creator":{"id":"83a7637b-0579-4972-9387-38cf4acc552c","type":"User","tenantId":"27e8797c-c1a2-46f5-ae46-a802d2e90028"},"provisioningMethod":"FromDefinition","failureAlertSubscription":true,"clientLastModifiedTime":"2025-09-01T16:03:50.353914Z","connectionKeySavedTimeKey":"2025-09-01T16:03:50.353914Z","creationSource":"Portal","modifiedSources":"Portal"},"$schema":"https://schema.management.azure.com/providers/Microsoft.Logic/schemas/2016-06-01/workflowdefinition.json#","contentVersion":"undefined","parameters":{"$authentication":{"defaultValue":{},"type":"SecureObject"},"$connections":{"defaultValue":{},"type":"Object"}},"triggers":{"manual":{"metadata":{"operationMetadataId":"6034443e-4383-4fb3-8f8b-56a3a8d7fe71"},"type":"Request","kind":"Button","inputs":{"schema":{"type":"object","properties":{"date":{"description":"Please enter or select a date (YYYY-MM-DD)","format":"date","title":"Start date","type":"string","x-ms-content-hint":"DATE","x-ms-dynamically-added":true},"date_1":{"description":"Please enter or select a date (YYYY-MM-DD)","format":"date","title":"End date","type":"string","x-ms-content-hint":"DATE","x-ms-dynamically-added":true}},"required":["date","date_1"]}}}},"actions":{"Calculate_number_of_days":{"runAfter":{},"metadata":{"operationMetadataId":"0bc3833c-d8be-40b3-af5b-6ebc44d4766f"},"type":"Compose","inputs":"@div(sub(ticks(triggerBody()?['date_1']),ticks(triggerBody()?['date'])),864000000000)"},"Create_date_range":{"runAfter":{"Calculate_number_of_days":["Succeeded"]},"metadata":{"operationMetadataId":"ecf5ea2a-98fe-47b7-985f-3cfda0fab9e0"},"type":"Compose","inputs":"@range(0,add(outputs('Calculate_number_of_days'),1))"},"Select":{"runAfter":{"Create_date_range":["Succeeded"]},"metadata":{"operationMetadataId":"023d580d-d5c3-4120-81af-10fe8c7965b1"},"type":"Select","inputs":{"from":"@outputs('Create_date_range')","select":{"mydate":"@addDays(triggerBody()['date'],item())"}}},"Filter_out_Saturdays":{"runAfter":{"Select":["Succeeded"]},"type":"Query","inputs":{"from":"@body('Select')","where":"@not(equals(dayOfWeek(item()?['mydate']),6))"}},"Filter_out_Sundays":{"runAfter":{"Filter_out_Saturdays":["Succeeded"]},"type":"Query","inputs":{"from":"@body('Filter_out_Saturdays')","where":"@not(equals(dayOfWeek(item()?['mydate']),0))"}},"Compose":{"runAfter":{"Filter_out_Sundays":["Succeeded"]},"type":"Compose","inputs":"@length(body('Filter_out_Sundays'))"}}},"connectionReferences":{},"flowFailureAlertSubscribed":false,"isManaged":false}}