{
  "Screens": [
    {
      "Controls": [
        {
          "AutomationProtocol": "uia3",
          "ScreenShot": null,
          "ElementTypeName": "Anchor",
          "InstanceId": "b5dabcc5-2379-4d39-8a42-4860d2a73f8d",
          "Name": "Anchor '2'",
          "SelectorCount": 3,
          "Selectors": [
            {
              "CustomSelector": null,
              "Elements": [
                {
                  "Attributes": [
                    {
                      "Ignore": true,
                      "IsOrdinal": false,
                      "IsDisabledAttribute": false,
                      "Name": "Class",
                      "Operation": "EqualTo",
                      "Value": null
                    },
                    {
                      "Ignore": true,
                      "IsOrdinal": false,
                      "IsDisabledAttribute": false,
                      "Name": "Id",
                      "Operation": "EqualTo",
                      "Value": null
                    },
                    {
                      "Ignore": true,
                      "IsOrdinal": true,
                      "IsDisabledAttribute": false,
                      "Name": "Ordinal",
                      "Operation": "EqualTo",
                      "Value": 0
                    },
                    {
                      "Ignore": true,
                      "IsOrdinal": false,
                      "IsDisabledAttribute": false,
                      "Name": "Title",
                      "Operation": "EqualTo",
                      "Value": null
                    }
                  ],
                  "CustomValue": null,
                  "Ignore": false,
                  "Name": "Body 'web-scraping.dev Docs API Graphql Products Reviews  ...  value); window.location.href = url.href; }'",
                  "Tag": "body"
                },
                {
                  "Attributes": [
                    {
                      "Ignore": true,
                      "IsOrdinal": false,
                      "IsDisabledAttribute": false,
                      "Name": "Class",
                      "Operation": "EqualTo",
                      "Value": "main"
                    },
                    {
                      "Ignore": true,
                      "IsOrdinal": false,
                      "IsDisabledAttribute": false,
                      "Name": "Id",
                      "Operation": "EqualTo",
                      "Value": null
                    },
                    {
                      "Ignore": true,
                      "IsOrdinal": true,
                      "IsDisabledAttribute": false,
                      "Name": "Ordinal",
                      "Operation": "EqualTo",
                      "Value": 0
                    },
                    {
                      "Ignore": true,
                      "IsOrdinal": false,
                      "IsDisabledAttribute": false,
                      "Name": "Title",
                      "Operation": "EqualTo",
                      "Value": null
                    }
                  ],
                  "CustomValue": null,
                  "Ignore": false,
                  "Name": "Div 'all apparel consumables household descending  ...  page 5 of total 28 results in 6 pages < 1 2 3 4 5 >'",
                  "Tag": "div"
                },
                {
                  "Attributes": [
                    {
                      "Ignore": true,
                      "IsOrdinal": false,
                      "IsDisabledAttribute": false,
                      "Name": "Class",
                      "Operation": "EqualTo",
                      "Value": "container"
                    },
                    {
                      "Ignore": true,
                      "IsOrdinal": false,
                      "IsDisabledAttribute": false,
                      "Name": "Id",
                      "Operation": "EqualTo",
                      "Value": null
                    },
                    {
                      "Ignore": true,
                      "IsOrdinal": true,
                      "IsDisabledAttribute": false,
                      "Name": "Ordinal",
                      "Operation": "EqualTo",
                      "Value": 0
                    },
                    {
                      "Ignore": true,
                      "IsOrdinal": false,
                      "IsDisabledAttribute": false,
                      "Name": "Title",
                      "Operation": "EqualTo",
                      "Value": null
                    }
                  ],
                  "CustomValue": null,
                  "Ignore": false,
                  "Name": "Div 'all apparel consumables household descending  ...  page 5 of total 28 results in 6 pages < 1 2 3 4 5 >'",
                  "Tag": "div"
                },
                {
                  "Attributes": [
                    {
                      "Ignore": true,
                      "IsOrdinal": false,
                      "IsDisabledAttribute": false,
                      "Name": "Class",
                      "Operation": "EqualTo",
                      "Value": "products-wrap"
                    },
                    {
                      "Ignore": true,
                      "IsOrdinal": false,
                      "IsDisabledAttribute": false,
                      "Name": "Id",
                      "Operation": "EqualTo",
                      "Value": null
                    },
                    {
                      "Ignore": true,
                      "IsOrdinal": true,
                      "IsDisabledAttribute": false,
                      "Name": "Ordinal",
                      "Operation": "EqualTo",
                      "Value": 0
                    },
                    {
                      "Ignore": true,
                      "IsOrdinal": false,
                      "IsDisabledAttribute": false,
                      "Name": "Title",
                      "Operation": "EqualTo",
                      "Value": null
                    }
                  ],
                  "CustomValue": null,
                  "Ignore": false,
                  "Name": "Div 'Running Shoes for Men Stay comfortable during your  ...  page 5 of total 28 results in 6 pages < 1 2 3 4 5 >'",
                  "Tag": "div"
                },
                {
                  "Attributes": [
                    {
                      "Ignore": true,
                      "IsOrdinal": false,
                      "IsDisabledAttribute": false,
                      "Name": "Class",
                      "Operation": "EqualTo",
                      "Value": "paging"
                    },
                    {
                      "Ignore": true,
                      "IsOrdinal": false,
                      "IsDisabledAttribute": false,
                      "Name": "Id",
                      "Operation": "EqualTo",
                      "Value": null
                    },
                    {
                      "Ignore": true,
                      "IsOrdinal": true,
                      "IsDisabledAttribute": false,
                      "Name": "Ordinal",
                      "Operation": "EqualTo",
                      "Value": 0
                    },
                    {
                      "Ignore": true,
                      "IsOrdinal": false,
                      "IsDisabledAttribute": false,
                      "Name": "Title",
                      "Operation": "EqualTo",
                      "Value": null
                    }
                  ],
                  "CustomValue": null,
                  "Ignore": false,
                  "Name": "Div '< 1 2 3 4 5 >'",
                  "Tag": "div"
                },
                {
                  "Attributes": [
                    {
                      "Ignore": true,
                      "IsOrdinal": false,
                      "IsDisabledAttribute": false,
                      "Name": "Class",
                      "Operation": "EqualTo",
                      "Value": null
                    },
                    {
                      "Ignore": true,
                      "IsOrdinal": false,
                      "IsDisabledAttribute": false,
                      "Name": "Href",
                      "Operation": "EqualTo",
                      "Value": "https://web-scraping.dev/products?page=2"
                    },
                    {
                      "Ignore": true,
                      "IsOrdinal": false,
                      "IsDisabledAttribute": false,
                      "Name": "Id",
                      "Operation": "EqualTo",
                      "Value": null
                    },
                    {
                      "Ignore": true,
                      "IsOrdinal": true,
                      "IsDisabledAttribute": false,
                      "Name": "Ordinal",
                      "Operation": "EqualTo",
                      "Value": 0
                    },
                    {
                      "Ignore": true,
                      "IsOrdinal": false,
                      "IsDisabledAttribute": false,
                      "Name": "Title",
                      "Operation": "EqualTo",
                      "Value": null
                    },
                    {
                      "Ignore": false,
                      "IsOrdinal": false,
                      "IsDisabledAttribute": false,
                      "Name": "Text",
                      "Operation": "EqualTo",
                      "Value": "%LoopIndex+1%"
                    }
                  ],
                  "CustomValue": null,
                  "Ignore": false,
                  "Name": "Anchor '2'",
                  "Tag": "a"
                }
              ],
              "Ignore": false,
              "ImageSelector": null,
              "IsCustom": false,
              "IsImageBased": false,
              "IsPlaceholderSelector": false,
              "IsWindowsInstance": false,
              "Name": "Default Selector",
              "Properties": [
                "UserModified"
              ]
            },
            {
              "CustomSelector": null,
              "Elements": [
                {
                  "Attributes": [
                    {
                      "Ignore": true,
                      "IsOrdinal": false,
                      "IsDisabledAttribute": false,
                      "Name": "Class",
                      "Operation": "EqualTo",
                      "Value": null
                    },
                    {
                      "Ignore": true,
                      "IsOrdinal": false,
                      "IsDisabledAttribute": false,
                      "Name": "Id",
                      "Operation": "EqualTo",
                      "Value": null
                    },
                    {
                      "Ignore": true,
                      "IsOrdinal": true,
                      "IsDisabledAttribute": false,
                      "Name": "Ordinal",
                      "Operation": "EqualTo",
                      "Value": 0
                    },
                    {
                      "Ignore": true,
                      "IsOrdinal": false,
                      "IsDisabledAttribute": false,
                      "Name": "Title",
                      "Operation": "EqualTo",
                      "Value": null
                    }
                  ],
                  "CustomValue": null,
                  "Ignore": false,
                  "Name": "Body 'web-scraping.dev Docs API Graphql Products Reviews  ...  value); window.location.href = url.href; }'",
                  "Tag": "body"
                },
                {
                  "Attributes": [
                    {
                      "Ignore": true,
                      "IsOrdinal": false,
                      "IsDisabledAttribute": false,
                      "Name": "Class",
                      "Operation": "EqualTo",
                      "Value": "main"
                    },
                    {
                      "Ignore": true,
                      "IsOrdinal": false,
                      "IsDisabledAttribute": false,
                      "Name": "Id",
                      "Operation": "EqualTo",
                      "Value": null
                    },
                    {
                      "Ignore": true,
                      "IsOrdinal": true,
                      "IsDisabledAttribute": false,
                      "Name": "Ordinal",
                      "Operation": "EqualTo",
                      "Value": 0
                    },
                    {
                      "Ignore": true,
                      "IsOrdinal": false,
                      "IsDisabledAttribute": false,
                      "Name": "Title",
                      "Operation": "EqualTo",
                      "Value": null
                    }
                  ],
                  "CustomValue": null,
                  "Ignore": false,
                  "Name": "Div 'all apparel consumables household descending  ...  page 4 of total 28 results in 6 pages < 1 2 3 4 5 >'",
                  "Tag": "div"
                },
                {
                  "Attributes": [
                    {
                      "Ignore": true,
                      "IsOrdinal": false,
                      "IsDisabledAttribute": false,
                      "Name": "Class",
                      "Operation": "EqualTo",
                      "Value": "container"
                    },
                    {
                      "Ignore": true,
                      "IsOrdinal": false,
                      "IsDisabledAttribute": false,
                      "Name": "Id",
                      "Operation": "EqualTo",
                      "Value": null
                    },
                    {
                      "Ignore": true,
                      "IsOrdinal": true,
                      "IsDisabledAttribute": false,
                      "Name": "Ordinal",
                      "Operation": "EqualTo",
                      "Value": 0
                    },
                    {
                      "Ignore": true,
                      "IsOrdinal": false,
                      "IsDisabledAttribute": false,
                      "Name": "Title",
                      "Operation": "EqualTo",
                      "Value": null
                    }
                  ],
                  "CustomValue": null,
                  "Ignore": false,
                  "Name": "Div 'all apparel consumables household descending  ...  page 4 of total 28 results in 6 pages < 1 2 3 4 5 >'",
                  "Tag": "div"
                },
                {
                  "Attributes": [
                    {
                      "Ignore": true,
                      "IsOrdinal": false,
                      "IsDisabledAttribute": false,
                      "Name": "Class",
                      "Operation": "EqualTo",
                      "Value": "products-wrap"
                    },
                    {
                      "Ignore": true,
                      "IsOrdinal": false,
                      "IsDisabledAttribute": false,
                      "Name": "Id",
                      "Operation": "EqualTo",
                      "Value": null
                    },
                    {
                      "Ignore": true,
                      "IsOrdinal": true,
                      "IsDisabledAttribute": false,
                      "Name": "Ordinal",
                      "Operation": "EqualTo",
                      "Value": 0
                    },
                    {
                      "Ignore": true,
                      "IsOrdinal": false,
                      "IsDisabledAttribute": false,
                      "Name": "Title",
                      "Operation": "EqualTo",
                      "Value": null
                    }
                  ],
                  "CustomValue": null,
                  "Ignore": false,
                  "Name": "Div 'Red Energy Potion Elevate your game with our 'Red  ...  page 4 of total 28 results in 6 pages < 1 2 3 4 5 >'",
                  "Tag": "div"
                },
                {
                  "Attributes": [
                    {
                      "Ignore": true,
                      "IsOrdinal": false,
                      "IsDisabledAttribute": false,
                      "Name": "Class",
                      "Operation": "EqualTo",
                      "Value": "paging"
                    },
                    {
                      "Ignore": true,
                      "IsOrdinal": false,
                      "IsDisabledAttribute": false,
                      "Name": "Id",
                      "Operation": "EqualTo",
                      "Value": null
                    },
                    {
                      "Ignore": true,
                      "IsOrdinal": true,
                      "IsDisabledAttribute": false,
                      "Name": "Ordinal",
                      "Operation": "EqualTo",
                      "Value": 0
                    },
                    {
                      "Ignore": true,
                      "IsOrdinal": false,
                      "IsDisabledAttribute": false,
                      "Name": "Title",
                      "Operation": "EqualTo",
                      "Value": null
                    }
                  ],
                  "CustomValue": null,
                  "Ignore": false,
                  "Name": "Div '< 1 2 3 4 5 >'",
                  "Tag": "div"
                },
                {
                  "Attributes": [
                    {
                      "Ignore": true,
                      "IsOrdinal": false,
                      "IsDisabledAttribute": false,
                      "Name": "Class",
                      "Operation": "EqualTo",
                      "Value": null
                    },
                    {
                      "Ignore": false,
                      "IsOrdinal": false,
                      "IsDisabledAttribute": false,
                      "Name": "Href",
                      "Operation": "EqualTo",
                      "Value": ""
                    },
                    {
                      "Ignore": true,
                      "IsOrdinal": false,
                      "IsDisabledAttribute": false,
                      "Name": "Id",
                      "Operation": "EqualTo",
                      "Value": null
                    },
                    {
                      "Ignore": true,
                      "IsOrdinal": true,
                      "IsDisabledAttribute": false,
                      "Name": "Ordinal",
                      "Operation": "EqualTo",
                      "Value": 0
                    },
                    {
                      "Ignore": true,
                      "IsOrdinal": false,
                      "IsDisabledAttribute": false,
                      "Name": "Title",
                      "Operation": "EqualTo",
                      "Value": null
                    },
                    {
                      "Ignore": false,
                      "IsOrdinal": false,
                      "IsDisabledAttribute": false,
                      "Name": "Text",
                      "Operation": "EqualTo",
                      "Value": ">"
                    }
                  ],
                  "CustomValue": null,
                  "Ignore": false,
                  "Name": "Anchor '>'",
                  "Tag": "a"
                }
              ],
              "Ignore": false,
              "ImageSelector": null,
              "IsCustom": false,
              "IsImageBased": false,
              "IsPlaceholderSelector": false,
              "IsWindowsInstance": false,
              "Name": "Default Selector 2",
              "Properties": [
                "ReCaptured",
                "UserModified"
              ]
            },
            {
              "CustomSelector": null,
              "Elements": [
                {
                  "Attributes": [
                    {
                      "Ignore": true,
                      "IsOrdinal": false,
                      "IsDisabledAttribute": false,
                      "Name": "Class",
                      "Operation": "EqualTo",
                      "Value": null
                    },
                    {
                      "Ignore": true,
                      "IsOrdinal": false,
                      "IsDisabledAttribute": false,
                      "Name": "Id",
                      "Operation": "EqualTo",
                      "Value": null
                    },
                    {
                      "Ignore": true,
                      "IsOrdinal": true,
                      "IsDisabledAttribute": false,
                      "Name": "Ordinal",
                      "Operation": "EqualTo",
                      "Value": 0
                    },
                    {
                      "Ignore": true,
                      "IsOrdinal": false,
                      "IsDisabledAttribute": false,
                      "Name": "Title",
                      "Operation": "EqualTo",
                      "Value": null
                    }
                  ],
                  "CustomValue": null,
                  "Ignore": false,
                  "Name": "Body 'web-scraping.dev Docs API Graphql Products Reviews  ...  value); window.location.href = url.href; }'",
                  "Tag": "body"
                },
                {
                  "Attributes": [
                    {
                      "Ignore": true,
                      "IsOrdinal": false,
                      "IsDisabledAttribute": false,
                      "Name": "Class",
                      "Operation": "EqualTo",
                      "Value": "main"
                    },
                    {
                      "Ignore": true,
                      "IsOrdinal": false,
                      "IsDisabledAttribute": false,
                      "Name": "Id",
                      "Operation": "EqualTo",
                      "Value": null
                    },
                    {
                      "Ignore": true,
                      "IsOrdinal": true,
                      "IsDisabledAttribute": false,
                      "Name": "Ordinal",
                      "Operation": "EqualTo",
                      "Value": 0
                    },
                    {
                      "Ignore": true,
                      "IsOrdinal": false,
                      "IsDisabledAttribute": false,
                      "Name": "Title",
                      "Operation": "EqualTo",
                      "Value": null
                    }
                  ],
                  "CustomValue": null,
                  "Ignore": false,
                  "Name": "Div 'all apparel consumables household descending  ...  page 4 of total 28 results in 6 pages < 1 2 3 4 5 >'",
                  "Tag": "div"
                },
                {
                  "Attributes": [
                    {
                      "Ignore": true,
                      "IsOrdinal": false,
                      "IsDisabledAttribute": false,
                      "Name": "Class",
                      "Operation": "EqualTo",
                      "Value": "container"
                    },
                    {
                      "Ignore": true,
                      "IsOrdinal": false,
                      "IsDisabledAttribute": false,
                      "Name": "Id",
                      "Operation": "EqualTo",
                      "Value": null
                    },
                    {
                      "Ignore": true,
                      "IsOrdinal": true,
                      "IsDisabledAttribute": false,
                      "Name": "Ordinal",
                      "Operation": "EqualTo",
                      "Value": 0
                    },
                    {
                      "Ignore": true,
                      "IsOrdinal": false,
                      "IsDisabledAttribute": false,
                      "Name": "Title",
                      "Operation": "EqualTo",
                      "Value": null
                    }
                  ],
                  "CustomValue": null,
                  "Ignore": false,
                  "Name": "Div 'all apparel consumables household descending  ...  page 4 of total 28 results in 6 pages < 1 2 3 4 5 >'",
                  "Tag": "div"
                },
                {
                  "Attributes": [
                    {
                      "Ignore": true,
                      "IsOrdinal": false,
                      "IsDisabledAttribute": false,
                      "Name": "Class",
                      "Operation": "EqualTo",
                      "Value": "products-wrap"
                    },
                    {
                      "Ignore": true,
                      "IsOrdinal": false,
                      "IsDisabledAttribute": false,
                      "Name": "Id",
                      "Operation": "EqualTo",
                      "Value": null
                    },
                    {
                      "Ignore": true,
                      "IsOrdinal": true,
                      "IsDisabledAttribute": false,
                      "Name": "Ordinal",
                      "Operation": "EqualTo",
                      "Value": 0
                    },
                    {
                      "Ignore": true,
                      "IsOrdinal": false,
                      "IsDisabledAttribute": false,
                      "Name": "Title",
                      "Operation": "EqualTo",
                      "Value": null
                    }
                  ],
                  "CustomValue": null,
                  "Ignore": false,
                  "Name": "Div 'Red Energy Potion Elevate your game with our 'Red  ...  page 4 of total 28 results in 6 pages < 1 2 3 4 5 >'",
                  "Tag": "div"
                },
                {
                  "Attributes": [
                    {
                      "Ignore": true,
                      "IsOrdinal": false,
                      "IsDisabledAttribute": false,
                      "Name": "Class",
                      "Operation": "EqualTo",
                      "Value": "paging"
                    },
                    {
                      "Ignore": true,
                      "IsOrdinal": false,
                      "IsDisabledAttribute": false,
                      "Name": "Id",
                      "Operation": "EqualTo",
                      "Value": null
                    },
                    {
                      "Ignore": true,
                      "IsOrdinal": true,
                      "IsDisabledAttribute": false,
                      "Name": "Ordinal",
                      "Operation": "EqualTo",
                      "Value": 0
                    },
                    {
                      "Ignore": true,
                      "IsOrdinal": false,
                      "IsDisabledAttribute": false,
                      "Name": "Title",
                      "Operation": "EqualTo",
                      "Value": null
                    }
                  ],
                  "CustomValue": null,
                  "Ignore": false,
                  "Name": "Div '< 1 2 3 4 5 >'",
                  "Tag": "div"
                },
                {
                  "Attributes": [
                    {
                      "Ignore": true,
                      "IsOrdinal": false,
                      "IsDisabledAttribute": false,
                      "Name": "Class",
                      "Operation": "EqualTo",
                      "Value": null
                    },
                    {
                      "Ignore": true,
                      "IsOrdinal": false,
                      "IsDisabledAttribute": false,
                      "Name": "Href",
                      "Operation": "EqualTo",
                      "Value": "https://web-scraping.dev/products?page=5"
                    },
                    {
                      "Ignore": true,
                      "IsOrdinal": false,
                      "IsDisabledAttribute": false,
                      "Name": "Id",
                      "Operation": "EqualTo",
                      "Value": null
                    },
                    {
                      "Ignore": true,
                      "IsOrdinal": true,
                      "IsDisabledAttribute": false,
                      "Name": "Ordinal",
                      "Operation": "EqualTo",
                      "Value": 0
                    },
                    {
                      "Ignore": true,
                      "IsOrdinal": false,
                      "IsDisabledAttribute": false,
                      "Name": "Title",
                      "Operation": "EqualTo",
                      "Value": null
                    },
                    {
                      "Ignore": false,
                      "IsOrdinal": false,
                      "IsDisabledAttribute": false,
                      "Name": "Text",
                      "Operation": "EqualTo",
                      "Value": ">"
                    }
                  ],
                  "CustomValue": null,
                  "Ignore": false,
                  "Name": "Anchor '>'",
                  "Tag": "a"
                }
              ],
              "Ignore": false,
              "ImageSelector": null,
              "IsCustom": false,
              "IsImageBased": false,
              "IsPlaceholderSelector": false,
              "IsWindowsInstance": false,
              "Name": "Default Selector 3",
              "Properties": [
                "ReCaptured"
              ]
            }
          ],
          "Tag": "a",
          "ScreenshotPath": "controlRepo-screenshots\\9112c75b-2887-4dc6-a24c-18a6e185cd6d.png"
        }
      ],
      "Handle": {
        "value": 0
      },
      "ProcessName": null,
      "ScreenShot": null,
      "ElementTypeName": "Web Page",
      "InstanceId": "0d935b8c-6374-4e36-8ed4-d442bdd698c6",
      "Name": "Web Page 'https://web-scraping.dev/products?page=5'",
      "SelectorCount": 1,
      "Selectors": [
        {
          "CustomSelector": null,
          "Elements": [
            {
              "Attributes": [],
              "CustomValue": "domcontainer",
              "Ignore": false,
              "Name": "Web Page 'https://web-scraping.dev/products?page=5'",
              "Tag": "domcontainer"
            }
          ],
          "Ignore": false,
          "ImageSelector": null,
          "IsCustom": false,
          "IsImageBased": false,
          "IsPlaceholderSelector": false,
          "IsWindowsInstance": false,
          "Name": "Default Selector",
          "Properties": []
        }
      ],
      "Tag": "domcontainer",
      "ScreenshotPath": "controlRepo-screenshots\\2bedbb6e-446b-472e-9d41-b34781c5e9d5.png"
    },
    {
      "Controls": [
        {
          "AutomationProtocol": "uia3",
          "ScreenShot": null,
          "ElementTypeName": "Anchor",
          "InstanceId": "9bef423c-be55-477c-9152-227a58a026d9",
          "Name": "Anchor '>'",
          "SelectorCount": 1,
          "Selectors": [
            {
              "CustomSelector": null,
              "Elements": [
                {
                  "Attributes": [
                    {
                      "Ignore": true,
                      "IsOrdinal": false,
                      "IsDisabledAttribute": false,
                      "Name": "Class",
                      "Operation": "EqualTo",
                      "Value": null
                    },
                    {
                      "Ignore": true,
                      "IsOrdinal": false,
                      "IsDisabledAttribute": false,
                      "Name": "Id",
                      "Operation": "EqualTo",
                      "Value": null
                    },
                    {
                      "Ignore": true,
                      "IsOrdinal": true,
                      "IsDisabledAttribute": false,
                      "Name": "Ordinal",
                      "Operation": "EqualTo",
                      "Value": 0
                    },
                    {
                      "Ignore": true,
                      "IsOrdinal": false,
                      "IsDisabledAttribute": false,
                      "Name": "Title",
                      "Operation": "EqualTo",
                      "Value": null
                    }
                  ],
                  "CustomValue": null,
                  "Ignore": false,
                  "Name": "Body 'web-scraping.dev Docs API Graphql Products Reviews  ...  value); window.location.href = url.href; }'",
                  "Tag": "body"
                },
                {
                  "Attributes": [
                    {
                      "Ignore": true,
                      "IsOrdinal": false,
                      "IsDisabledAttribute": false,
                      "Name": "Class",
                      "Operation": "EqualTo",
                      "Value": "main"
                    },
                    {
                      "Ignore": true,
                      "IsOrdinal": false,
                      "IsDisabledAttribute": false,
                      "Name": "Id",
                      "Operation": "EqualTo",
                      "Value": null
                    },
                    {
                      "Ignore": true,
                      "IsOrdinal": true,
                      "IsDisabledAttribute": false,
                      "Name": "Ordinal",
                      "Operation": "EqualTo",
                      "Value": 0
                    },
                    {
                      "Ignore": true,
                      "IsOrdinal": false,
                      "IsDisabledAttribute": false,
                      "Name": "Title",
                      "Operation": "EqualTo",
                      "Value": null
                    }
                  ],
                  "CustomValue": null,
                  "Ignore": false,
                  "Name": "Div 'all apparel consumables household descending  ...  page 4 of total 28 results in 6 pages < 1 2 3 4 5 >'",
                  "Tag": "div"
                },
                {
                  "Attributes": [
                    {
                      "Ignore": true,
                      "IsOrdinal": false,
                      "IsDisabledAttribute": false,
                      "Name": "Class",
                      "Operation": "EqualTo",
                      "Value": "container"
                    },
                    {
                      "Ignore": true,
                      "IsOrdinal": false,
                      "IsDisabledAttribute": false,
                      "Name": "Id",
                      "Operation": "EqualTo",
                      "Value": null
                    },
                    {
                      "Ignore": true,
                      "IsOrdinal": true,
                      "IsDisabledAttribute": false,
                      "Name": "Ordinal",
                      "Operation": "EqualTo",
                      "Value": 0
                    },
                    {
                      "Ignore": true,
                      "IsOrdinal": false,
                      "IsDisabledAttribute": false,
                      "Name": "Title",
                      "Operation": "EqualTo",
                      "Value": null
                    }
                  ],
                  "CustomValue": null,
                  "Ignore": false,
                  "Name": "Div 'all apparel consumables household descending  ...  page 4 of total 28 results in 6 pages < 1 2 3 4 5 >'",
                  "Tag": "div"
                },
                {
                  "Attributes": [
                    {
                      "Ignore": true,
                      "IsOrdinal": false,
                      "IsDisabledAttribute": false,
                      "Name": "Class",
                      "Operation": "EqualTo",
                      "Value": "products-wrap"
                    },
                    {
                      "Ignore": true,
                      "IsOrdinal": false,
                      "IsDisabledAttribute": false,
                      "Name": "Id",
                      "Operation": "EqualTo",
                      "Value": null
                    },
                    {
                      "Ignore": true,
                      "IsOrdinal": true,
                      "IsDisabledAttribute": false,
                      "Name": "Ordinal",
                      "Operation": "EqualTo",
                      "Value": 0
                    },
                    {
                      "Ignore": true,
                      "IsOrdinal": false,
                      "IsDisabledAttribute": false,
                      "Name": "Title",
                      "Operation": "EqualTo",
                      "Value": null
                    }
                  ],
                  "CustomValue": null,
                  "Ignore": false,
                  "Name": "Div 'Red Energy Potion Elevate your game with our 'Red  ...  page 4 of total 28 results in 6 pages < 1 2 3 4 5 >'",
                  "Tag": "div"
                },
                {
                  "Attributes": [
                    {
                      "Ignore": true,
                      "IsOrdinal": false,
                      "IsDisabledAttribute": false,
                      "Name": "Class",
                      "Operation": "EqualTo",
                      "Value": "paging"
                    },
                    {
                      "Ignore": true,
                      "IsOrdinal": false,
                      "IsDisabledAttribute": false,
                      "Name": "Id",
                      "Operation": "EqualTo",
                      "Value": null
                    },
                    {
                      "Ignore": true,
                      "IsOrdinal": true,
                      "IsDisabledAttribute": false,
                      "Name": "Ordinal",
                      "Operation": "EqualTo",
                      "Value": 0
                    },
                    {
                      "Ignore": true,
                      "IsOrdinal": false,
                      "IsDisabledAttribute": false,
                      "Name": "Title",
                      "Operation": "EqualTo",
                      "Value": null
                    }
                  ],
                  "CustomValue": null,
                  "Ignore": false,
                  "Name": "Div '< 1 2 3 4 5 >'",
                  "Tag": "div"
                },
                {
                  "Attributes": [
                    {
                      "Ignore": true,
                      "IsOrdinal": false,
                      "IsDisabledAttribute": false,
                      "Name": "Class",
                      "Operation": "EqualTo",
                      "Value": null
                    },
                    {
                      "Ignore": false,
                      "IsOrdinal": false,
                      "IsDisabledAttribute": false,
                      "Name": "Href",
                      "Operation": "Contains",
                      "Value": "page="
                    },
                    {
                      "Ignore": true,
                      "IsOrdinal": false,
                      "IsDisabledAttribute": false,
                      "Name": "Id",
                      "Operation": "EqualTo",
                      "Value": null
                    },
                    {
                      "Ignore": true,
                      "IsOrdinal": true,
                      "IsDisabledAttribute": false,
                      "Name": "Ordinal",
                      "Operation": "EqualTo",
                      "Value": 0
                    },
                    {
                      "Ignore": true,
                      "IsOrdinal": false,
                      "IsDisabledAttribute": false,
                      "Name": "Title",
                      "Operation": "EqualTo",
                      "Value": null
                    },
                    {
                      "Ignore": false,
                      "IsOrdinal": false,
                      "IsDisabledAttribute": false,
                      "Name": "Text",
                      "Operation": "EqualTo",
                      "Value": ">"
                    }
                  ],
                  "CustomValue": null,
                  "Ignore": false,
                  "Name": "Anchor '>'",
                  "Tag": "a"
                }
              ],
              "Ignore": false,
              "ImageSelector": null,
              "IsCustom": false,
              "IsImageBased": false,
              "IsPlaceholderSelector": false,
              "IsWindowsInstance": false,
              "Name": "Default Selector",
              "Properties": [
                "UserModified"
              ]
            }
          ],
          "Tag": "a",
          "ScreenshotPath": "controlRepo-screenshots\\8716baf0-18ed-4f74-9aeb-35eefd629a81.png"
        }
      ],
      "Handle": {
        "value": 0
      },
      "ProcessName": null,
      "ScreenShot": null,
      "ElementTypeName": "Web Page",
      "InstanceId": "3acab5a4-98bf-4f30-ab31-4d18de9658cd",
      "Name": "Web Page 'https://web-scraping.dev/products?page=4'",
      "SelectorCount": 1,
      "Selectors": [
        {
          "CustomSelector": null,
          "Elements": [
            {
              "Attributes": [],
              "CustomValue": "domcontainer",
              "Ignore": false,
              "Name": "Web Page 'https://web-scraping.dev/products?page=4'",
              "Tag": "domcontainer"
            }
          ],
          "Ignore": false,
          "ImageSelector": null,
          "IsCustom": false,
          "IsImageBased": false,
          "IsPlaceholderSelector": false,
          "IsWindowsInstance": false,
          "Name": "Default Selector",
          "Properties": []
        }
      ],
      "Tag": "domcontainer",
      "ScreenshotPath": "controlRepo-screenshots\\5bc1e07a-f062-4dd4-955b-73a278e00500.png"
    },
    {
      "Controls": [
        {
          "AutomationProtocol": "uia3",
          "ScreenShot": null,
          "ElementTypeName": "Input text",
          "InstanceId": "577cc105-86bf-4ebb-9578-0416658200e4",
          "Name": "Input text 'Username'",
          "SelectorCount": 1,
          "Selectors": [
            {
              "CustomSelector": null,
              "Elements": [
                {
                  "Attributes": [
                    {
                      "Ignore": true,
                      "IsOrdinal": false,
                      "IsDisabledAttribute": false,
                      "Name": "Class",
                      "Operation": "EqualTo",
                      "Value": null
                    },
                    {
                      "Ignore": true,
                      "IsOrdinal": false,
                      "IsDisabledAttribute": false,
                      "Name": "Id",
                      "Operation": "EqualTo",
                      "Value": null
                    },
                    {
                      "Ignore": true,
                      "IsOrdinal": true,
                      "IsDisabledAttribute": false,
                      "Name": "Ordinal",
                      "Operation": "EqualTo",
                      "Value": 0
                    },
                    {
                      "Ignore": true,
                      "IsOrdinal": false,
                      "IsDisabledAttribute": false,
                      "Name": "Title",
                      "Operation": "EqualTo",
                      "Value": null
                    }
                  ],
                  "CustomValue": null,
                  "Ignore": false,
                  "Name": "Body 'web-scraping.dev Docs API Graphql Products Reviews  ...  expires=${d.toUTCString()}; path=/` }) } })'",
                  "Tag": "body"
                },
                {
                  "Attributes": [
                    {
                      "Ignore": true,
                      "IsOrdinal": false,
                      "IsDisabledAttribute": false,
                      "Name": "Class",
                      "Operation": "EqualTo",
                      "Value": "main"
                    },
                    {
                      "Ignore": true,
                      "IsOrdinal": false,
                      "IsDisabledAttribute": false,
                      "Name": "Id",
                      "Operation": "EqualTo",
                      "Value": null
                    },
                    {
                      "Ignore": true,
                      "IsOrdinal": true,
                      "IsDisabledAttribute": false,
                      "Name": "Ordinal",
                      "Operation": "EqualTo",
                      "Value": 0
                    },
                    {
                      "Ignore": true,
                      "IsOrdinal": false,
                      "IsDisabledAttribute": false,
                      "Name": "Title",
                      "Operation": "EqualTo",
                      "Value": null
                    }
                  ],
                  "CustomValue": null,
                  "Ignore": false,
                  "Name": "Div 'Login to web-scraping.dev Username Password Submit  ...  Configure Cookie Popup Prefill Credentials reload'",
                  "Tag": "div"
                },
                {
                  "Attributes": [
                    {
                      "Ignore": true,
                      "IsOrdinal": false,
                      "IsDisabledAttribute": false,
                      "Name": "Class",
                      "Operation": "EqualTo",
                      "Value": "container login"
                    },
                    {
                      "Ignore": true,
                      "IsOrdinal": false,
                      "IsDisabledAttribute": false,
                      "Name": "Id",
                      "Operation": "EqualTo",
                      "Value": null
                    },
                    {
                      "Ignore": true,
                      "IsOrdinal": true,
                      "IsDisabledAttribute": false,
                      "Name": "Ordinal",
                      "Operation": "EqualTo",
                      "Value": 0
                    },
                    {
                      "Ignore": true,
                      "IsOrdinal": false,
                      "IsDisabledAttribute": false,
                      "Name": "Title",
                      "Operation": "EqualTo",
                      "Value": null
                    }
                  ],
                  "CustomValue": null,
                  "Ignore": false,
                  "Name": "Div 'Login to web-scraping.dev Username Password Submit'",
                  "Tag": "div"
                },
                {
                  "Attributes": [
                    {
                      "Ignore": true,
                      "IsOrdinal": false,
                      "IsDisabledAttribute": false,
                      "Name": "Action",
                      "Operation": "EqualTo",
                      "Value": "https://web-scraping.dev/api/login"
                    },
                    {
                      "Ignore": true,
                      "IsOrdinal": false,
                      "IsDisabledAttribute": false,
                      "Name": "Class",
                      "Operation": "EqualTo",
                      "Value": null
                    },
                    {
                      "Ignore": true,
                      "IsOrdinal": false,
                      "IsDisabledAttribute": false,
                      "Name": "Id",
                      "Operation": "EqualTo",
                      "Value": null
                    },
                    {
                      "Ignore": true,
                      "IsOrdinal": false,
                      "IsDisabledAttribute": false,
                      "Name": "Method",
                      "Operation": "EqualTo",
                      "Value": "post"
                    },
                    {
                      "Ignore": true,
                      "IsOrdinal": false,
                      "IsDisabledAttribute": false,
                      "Name": "Name",
                      "Operation": "EqualTo",
                      "Value": null
                    },
                    {
                      "Ignore": true,
                      "IsOrdinal": true,
                      "IsDisabledAttribute": false,
                      "Name": "Ordinal",
                      "Operation": "EqualTo",
                      "Value": 0
                    },
                    {
                      "Ignore": true,
                      "IsOrdinal": false,
                      "IsDisabledAttribute": false,
                      "Name": "Title",
                      "Operation": "EqualTo",
                      "Value": null
                    }
                  ],
                  "CustomValue": null,
                  "Ignore": false,
                  "Name": "Form 'Username Password Submit'",
                  "Tag": "form"
                },
                {
                  "Attributes": [
                    {
                      "Ignore": true,
                      "IsOrdinal": false,
                      "IsDisabledAttribute": false,
                      "Name": "Class",
                      "Operation": "EqualTo",
                      "Value": "mb-3"
                    },
                    {
                      "Ignore": true,
                      "IsOrdinal": false,
                      "IsDisabledAttribute": false,
                      "Name": "Id",
                      "Operation": "EqualTo",
                      "Value": null
                    },
                    {
                      "Ignore": true,
                      "IsOrdinal": true,
                      "IsDisabledAttribute": false,
                      "Name": "Ordinal",
                      "Operation": "EqualTo",
                      "Value": 0
                    },
                    {
                      "Ignore": true,
                      "IsOrdinal": false,
                      "IsDisabledAttribute": false,
                      "Name": "Title",
                      "Operation": "EqualTo",
                      "Value": null
                    }
                  ],
                  "CustomValue": null,
                  "Ignore": false,
                  "Name": "Div 'Username'",
                  "Tag": "div"
                },
                {
                  "Attributes": [
                    {
                      "Ignore": true,
                      "IsOrdinal": false,
                      "IsDisabledAttribute": false,
                      "Name": "Checked",
                      "Operation": "EqualTo",
                      "Value": "false"
                    },
                    {
                      "Ignore": true,
                      "IsOrdinal": false,
                      "IsDisabledAttribute": false,
                      "Name": "Class",
                      "Operation": "EqualTo",
                      "Value": "form-control"
                    },
                    {
                      "Ignore": true,
                      "IsOrdinal": false,
                      "IsDisabledAttribute": true,
                      "Name": "Disabled",
                      "Operation": "EqualTo",
                      "Value": "false"
                    },
                    {
                      "Ignore": true,
                      "IsOrdinal": false,
                      "IsDisabledAttribute": false,
                      "Name": "FormAction",
                      "Operation": "EqualTo",
                      "Value": null
                    },
                    {
                      "Ignore": true,
                      "IsOrdinal": false,
                      "IsDisabledAttribute": false,
                      "Name": "FormMethod",
                      "Operation": "EqualTo",
                      "Value": null
                    },
                    {
                      "Ignore": true,
                      "IsOrdinal": false,
                      "IsDisabledAttribute": false,
                      "Name": "Id",
                      "Operation": "EqualTo",
                      "Value": null
                    },
                    {
                      "Ignore": true,
                      "IsOrdinal": false,
                      "IsDisabledAttribute": false,
                      "Name": "Max",
                      "Operation": "EqualTo",
                      "Value": null
                    },
                    {
                      "Ignore": true,
                      "IsOrdinal": false,
                      "IsDisabledAttribute": false,
                      "Name": "Min",
                      "Operation": "EqualTo",
                      "Value": null
                    },
                    {
                      "Ignore": false,
                      "IsOrdinal": false,
                      "IsDisabledAttribute": false,
                      "Name": "Name",
                      "Operation": "EqualTo",
                      "Value": "username"
                    },
                    {
                      "Ignore": true,
                      "IsOrdinal": true,
                      "IsDisabledAttribute": false,
                      "Name": "Ordinal",
                      "Operation": "EqualTo",
                      "Value": 0
                    },
                    {
                      "Ignore": true,
                      "IsOrdinal": false,
                      "IsDisabledAttribute": false,
                      "Name": "ReadOnly",
                      "Operation": "EqualTo",
                      "Value": "false"
                    },
                    {
                      "Ignore": true,
                      "IsOrdinal": false,
                      "IsDisabledAttribute": false,
                      "Name": "Required",
                      "Operation": "EqualTo",
                      "Value": "false"
                    },
                    {
                      "Ignore": true,
                      "IsOrdinal": false,
                      "IsDisabledAttribute": false,
                      "Name": "Src",
                      "Operation": "EqualTo",
                      "Value": null
                    },
                    {
                      "Ignore": true,
                      "IsOrdinal": false,
                      "IsDisabledAttribute": false,
                      "Name": "Step",
                      "Operation": "EqualTo",
                      "Value": null
                    },
                    {
                      "Ignore": true,
                      "IsOrdinal": false,
                      "IsDisabledAttribute": false,
                      "Name": "Title",
                      "Operation": "EqualTo",
                      "Value": null
                    },
                    {
                      "Ignore": true,
                      "IsOrdinal": false,
                      "IsDisabledAttribute": false,
                      "Name": "Type",
                      "Operation": "EqualTo",
                      "Value": "text"
                    },
                    {
                      "Ignore": true,
                      "IsOrdinal": false,
                      "IsDisabledAttribute": false,
                      "Name": "Value",
                      "Operation": "EqualTo",
                      "Value": null
                    }
                  ],
                  "CustomValue": null,
                  "Ignore": false,
                  "Name": "Input text 'Username'",
                  "Tag": "input"
                }
              ],
              "Ignore": false,
              "ImageSelector": null,
              "IsCustom": false,
              "IsImageBased": false,
              "IsPlaceholderSelector": false,
              "IsWindowsInstance": false,
              "Name": "Default Selector",
              "Properties": []
            }
          ],
          "Tag": "input",
          "ScreenshotPath": "controlRepo-screenshots\\5b95edaf-3c4f-4418-afee-1b5a90a36667.png"
        },
        {
          "AutomationProtocol": "uia3",
          "ScreenShot": null,
          "ElementTypeName": "Input text",
          "InstanceId": "fdee4f22-cb48-4347-a134-950983bd0d21",
          "Name": "Input text 'Password'",
          "SelectorCount": 1,
          "Selectors": [
            {
              "CustomSelector": null,
              "Elements": [
                {
                  "Attributes": [
                    {
                      "Ignore": true,
                      "IsOrdinal": false,
                      "IsDisabledAttribute": false,
                      "Name": "Class",
                      "Operation": "EqualTo",
                      "Value": null
                    },
                    {
                      "Ignore": true,
                      "IsOrdinal": false,
                      "IsDisabledAttribute": false,
                      "Name": "Id",
                      "Operation": "EqualTo",
                      "Value": null
                    },
                    {
                      "Ignore": true,
                      "IsOrdinal": true,
                      "IsDisabledAttribute": false,
                      "Name": "Ordinal",
                      "Operation": "EqualTo",
                      "Value": 0
                    },
                    {
                      "Ignore": true,
                      "IsOrdinal": false,
                      "IsDisabledAttribute": false,
                      "Name": "Title",
                      "Operation": "EqualTo",
                      "Value": null
                    }
                  ],
                  "CustomValue": null,
                  "Ignore": false,
                  "Name": "Body 'web-scraping.dev Docs API Graphql Products Reviews  ...  expires=${d.toUTCString()}; path=/` }) } })'",
                  "Tag": "body"
                },
                {
                  "Attributes": [
                    {
                      "Ignore": true,
                      "IsOrdinal": false,
                      "IsDisabledAttribute": false,
                      "Name": "Class",
                      "Operation": "EqualTo",
                      "Value": "main"
                    },
                    {
                      "Ignore": true,
                      "IsOrdinal": false,
                      "IsDisabledAttribute": false,
                      "Name": "Id",
                      "Operation": "EqualTo",
                      "Value": null
                    },
                    {
                      "Ignore": true,
                      "IsOrdinal": true,
                      "IsDisabledAttribute": false,
                      "Name": "Ordinal",
                      "Operation": "EqualTo",
                      "Value": 0
                    },
                    {
                      "Ignore": true,
                      "IsOrdinal": false,
                      "IsDisabledAttribute": false,
                      "Name": "Title",
                      "Operation": "EqualTo",
                      "Value": null
                    }
                  ],
                  "CustomValue": null,
                  "Ignore": false,
                  "Name": "Div 'Login to web-scraping.dev Username Password Submit  ...  Configure Cookie Popup Prefill Credentials reload'",
                  "Tag": "div"
                },
                {
                  "Attributes": [
                    {
                      "Ignore": true,
                      "IsOrdinal": false,
                      "IsDisabledAttribute": false,
                      "Name": "Class",
                      "Operation": "EqualTo",
                      "Value": "container login"
                    },
                    {
                      "Ignore": true,
                      "IsOrdinal": false,
                      "IsDisabledAttribute": false,
                      "Name": "Id",
                      "Operation": "EqualTo",
                      "Value": null
                    },
                    {
                      "Ignore": true,
                      "IsOrdinal": true,
                      "IsDisabledAttribute": false,
                      "Name": "Ordinal",
                      "Operation": "EqualTo",
                      "Value": 0
                    },
                    {
                      "Ignore": true,
                      "IsOrdinal": false,
                      "IsDisabledAttribute": false,
                      "Name": "Title",
                      "Operation": "EqualTo",
                      "Value": null
                    }
                  ],
                  "CustomValue": null,
                  "Ignore": false,
                  "Name": "Div 'Login to web-scraping.dev Username Password Submit'",
                  "Tag": "div"
                },
                {
                  "Attributes": [
                    {
                      "Ignore": true,
                      "IsOrdinal": false,
                      "IsDisabledAttribute": false,
                      "Name": "Action",
                      "Operation": "EqualTo",
                      "Value": "https://web-scraping.dev/api/login"
                    },
                    {
                      "Ignore": true,
                      "IsOrdinal": false,
                      "IsDisabledAttribute": false,
                      "Name": "Class",
                      "Operation": "EqualTo",
                      "Value": null
                    },
                    {
                      "Ignore": true,
                      "IsOrdinal": false,
                      "IsDisabledAttribute": false,
                      "Name": "Id",
                      "Operation": "EqualTo",
                      "Value": null
                    },
                    {
                      "Ignore": true,
                      "IsOrdinal": false,
                      "IsDisabledAttribute": false,
                      "Name": "Method",
                      "Operation": "EqualTo",
                      "Value": "post"
                    },
                    {
                      "Ignore": true,
                      "IsOrdinal": false,
                      "IsDisabledAttribute": false,
                      "Name": "Name",
                      "Operation": "EqualTo",
                      "Value": null
                    },
                    {
                      "Ignore": true,
                      "IsOrdinal": true,
                      "IsDisabledAttribute": false,
                      "Name": "Ordinal",
                      "Operation": "EqualTo",
                      "Value": 0
                    },
                    {
                      "Ignore": true,
                      "IsOrdinal": false,
                      "IsDisabledAttribute": false,
                      "Name": "Title",
                      "Operation": "EqualTo",
                      "Value": null
                    }
                  ],
                  "CustomValue": null,
                  "Ignore": false,
                  "Name": "Form 'Username Password Submit'",
                  "Tag": "form"
                },
                {
                  "Attributes": [
                    {
                      "Ignore": true,
                      "IsOrdinal": false,
                      "IsDisabledAttribute": false,
                      "Name": "Class",
                      "Operation": "EqualTo",
                      "Value": "mb-3"
                    },
                    {
                      "Ignore": true,
                      "IsOrdinal": false,
                      "IsDisabledAttribute": false,
                      "Name": "Id",
                      "Operation": "EqualTo",
                      "Value": null
                    },
                    {
                      "Ignore": true,
                      "IsOrdinal": true,
                      "IsDisabledAttribute": false,
                      "Name": "Ordinal",
                      "Operation": "EqualTo",
                      "Value": 0
                    },
                    {
                      "Ignore": true,
                      "IsOrdinal": false,
                      "IsDisabledAttribute": false,
                      "Name": "Title",
                      "Operation": "EqualTo",
                      "Value": null
                    }
                  ],
                  "CustomValue": null,
                  "Ignore": false,
                  "Name": "Div 'Password'",
                  "Tag": "div"
                },
                {
                  "Attributes": [
                    {
                      "Ignore": true,
                      "IsOrdinal": false,
                      "IsDisabledAttribute": false,
                      "Name": "Checked",
                      "Operation": "EqualTo",
                      "Value": "false"
                    },
                    {
                      "Ignore": true,
                      "IsOrdinal": false,
                      "IsDisabledAttribute": false,
                      "Name": "Class",
                      "Operation": "EqualTo",
                      "Value": "form-control"
                    },
                    {
                      "Ignore": true,
                      "IsOrdinal": false,
                      "IsDisabledAttribute": true,
                      "Name": "Disabled",
                      "Operation": "EqualTo",
                      "Value": "false"
                    },
                    {
                      "Ignore": true,
                      "IsOrdinal": false,
                      "IsDisabledAttribute": false,
                      "Name": "FormAction",
                      "Operation": "EqualTo",
                      "Value": null
                    },
                    {
                      "Ignore": true,
                      "IsOrdinal": false,
                      "IsDisabledAttribute": false,
                      "Name": "FormMethod",
                      "Operation": "EqualTo",
                      "Value": null
                    },
                    {
                      "Ignore": true,
                      "IsOrdinal": false,
                      "IsDisabledAttribute": false,
                      "Name": "Id",
                      "Operation": "EqualTo",
                      "Value": null
                    },
                    {
                      "Ignore": true,
                      "IsOrdinal": false,
                      "IsDisabledAttribute": false,
                      "Name": "Max",
                      "Operation": "EqualTo",
                      "Value": null
                    },
                    {
                      "Ignore": true,
                      "IsOrdinal": false,
                      "IsDisabledAttribute": false,
                      "Name": "Min",
                      "Operation": "EqualTo",
                      "Value": null
                    },
                    {
                      "Ignore": false,
                      "IsOrdinal": false,
                      "IsDisabledAttribute": false,
                      "Name": "Name",
                      "Operation": "EqualTo",
                      "Value": "password"
                    },
                    {
                      "Ignore": true,
                      "IsOrdinal": true,
                      "IsDisabledAttribute": false,
                      "Name": "Ordinal",
                      "Operation": "EqualTo",
                      "Value": 0
                    },
                    {
                      "Ignore": true,
                      "IsOrdinal": false,
                      "IsDisabledAttribute": false,
                      "Name": "ReadOnly",
                      "Operation": "EqualTo",
                      "Value": "false"
                    },
                    {
                      "Ignore": true,
                      "IsOrdinal": false,
                      "IsDisabledAttribute": false,
                      "Name": "Required",
                      "Operation": "EqualTo",
                      "Value": "false"
                    },
                    {
                      "Ignore": true,
                      "IsOrdinal": false,
                      "IsDisabledAttribute": false,
                      "Name": "Src",
                      "Operation": "EqualTo",
                      "Value": null
                    },
                    {
                      "Ignore": true,
                      "IsOrdinal": false,
                      "IsDisabledAttribute": false,
                      "Name": "Step",
                      "Operation": "EqualTo",
                      "Value": null
                    },
                    {
                      "Ignore": true,
                      "IsOrdinal": false,
                      "IsDisabledAttribute": false,
                      "Name": "Title",
                      "Operation": "EqualTo",
                      "Value": null
                    },
                    {
                      "Ignore": true,
                      "IsOrdinal": false,
                      "IsDisabledAttribute": false,
                      "Name": "Type",
                      "Operation": "EqualTo",
                      "Value": "text"
                    },
                    {
                      "Ignore": true,
                      "IsOrdinal": false,
                      "IsDisabledAttribute": false,
                      "Name": "Value",
                      "Operation": "EqualTo",
                      "Value": null
                    }
                  ],
                  "CustomValue": null,
                  "Ignore": false,
                  "Name": "Input text 'Password'",
                  "Tag": "input"
                }
              ],
              "Ignore": false,
              "ImageSelector": null,
              "IsCustom": false,
              "IsImageBased": false,
              "IsPlaceholderSelector": false,
              "IsWindowsInstance": false,
              "Name": "Default Selector",
              "Properties": []
            }
          ],
          "Tag": "input",
          "ScreenshotPath": "controlRepo-screenshots\\d875b40e-0500-4eba-843b-7639a977d431.png"
        },
        {
          "AutomationProtocol": "uia3",
          "ScreenShot": null,
          "ElementTypeName": "Button",
          "InstanceId": "156ec9a6-3bb7-4dfa-85e4-11262c941dc6",
          "Name": "Button 'Submit'",
          "SelectorCount": 1,
          "Selectors": [
            {
              "CustomSelector": null,
              "Elements": [
                {
                  "Attributes": [
                    {
                      "Ignore": true,
                      "IsOrdinal": false,
                      "IsDisabledAttribute": false,
                      "Name": "Class",
                      "Operation": "EqualTo",
                      "Value": null
                    },
                    {
                      "Ignore": true,
                      "IsOrdinal": false,
                      "IsDisabledAttribute": false,
                      "Name": "Id",
                      "Operation": "EqualTo",
                      "Value": null
                    },
                    {
                      "Ignore": true,
                      "IsOrdinal": true,
                      "IsDisabledAttribute": false,
                      "Name": "Ordinal",
                      "Operation": "EqualTo",
                      "Value": 0
                    },
                    {
                      "Ignore": true,
                      "IsOrdinal": false,
                      "IsDisabledAttribute": false,
                      "Name": "Title",
                      "Operation": "EqualTo",
                      "Value": null
                    }
                  ],
                  "CustomValue": null,
                  "Ignore": false,
                  "Name": "Body 'web-scraping.dev Docs API Graphql Products Reviews  ...  expires=${d.toUTCString()}; path=/` }) } })'",
                  "Tag": "body"
                },
                {
                  "Attributes": [
                    {
                      "Ignore": true,
                      "IsOrdinal": false,
                      "IsDisabledAttribute": false,
                      "Name": "Class",
                      "Operation": "EqualTo",
                      "Value": "main"
                    },
                    {
                      "Ignore": true,
                      "IsOrdinal": false,
                      "IsDisabledAttribute": false,
                      "Name": "Id",
                      "Operation": "EqualTo",
                      "Value": null
                    },
                    {
                      "Ignore": true,
                      "IsOrdinal": true,
                      "IsDisabledAttribute": false,
                      "Name": "Ordinal",
                      "Operation": "EqualTo",
                      "Value": 0
                    },
                    {
                      "Ignore": true,
                      "IsOrdinal": false,
                      "IsDisabledAttribute": false,
                      "Name": "Title",
                      "Operation": "EqualTo",
                      "Value": null
                    }
                  ],
                  "CustomValue": null,
                  "Ignore": false,
                  "Name": "Div 'Login to web-scraping.dev Username Password Submit  ...  Configure Cookie Popup Prefill Credentials reload'",
                  "Tag": "div"
                },
                {
                  "Attributes": [
                    {
                      "Ignore": true,
                      "IsOrdinal": false,
                      "IsDisabledAttribute": false,
                      "Name": "Class",
                      "Operation": "EqualTo",
                      "Value": "container login"
                    },
                    {
                      "Ignore": true,
                      "IsOrdinal": false,
                      "IsDisabledAttribute": false,
                      "Name": "Id",
                      "Operation": "EqualTo",
                      "Value": null
                    },
                    {
                      "Ignore": true,
                      "IsOrdinal": true,
                      "IsDisabledAttribute": false,
                      "Name": "Ordinal",
                      "Operation": "EqualTo",
                      "Value": 0
                    },
                    {
                      "Ignore": true,
                      "IsOrdinal": false,
                      "IsDisabledAttribute": false,
                      "Name": "Title",
                      "Operation": "EqualTo",
                      "Value": null
                    }
                  ],
                  "CustomValue": null,
                  "Ignore": false,
                  "Name": "Div 'Login to web-scraping.dev Username Password Submit'",
                  "Tag": "div"
                },
                {
                  "Attributes": [
                    {
                      "Ignore": true,
                      "IsOrdinal": false,
                      "IsDisabledAttribute": false,
                      "Name": "Action",
                      "Operation": "EqualTo",
                      "Value": "https://web-scraping.dev/api/login"
                    },
                    {
                      "Ignore": true,
                      "IsOrdinal": false,
                      "IsDisabledAttribute": false,
                      "Name": "Class",
                      "Operation": "EqualTo",
                      "Value": null
                    },
                    {
                      "Ignore": true,
                      "IsOrdinal": false,
                      "IsDisabledAttribute": false,
                      "Name": "Id",
                      "Operation": "EqualTo",
                      "Value": null
                    },
                    {
                      "Ignore": true,
                      "IsOrdinal": false,
                      "IsDisabledAttribute": false,
                      "Name": "Method",
                      "Operation": "EqualTo",
                      "Value": "post"
                    },
                    {
                      "Ignore": true,
                      "IsOrdinal": false,
                      "IsDisabledAttribute": false,
                      "Name": "Name",
                      "Operation": "EqualTo",
                      "Value": null
                    },
                    {
                      "Ignore": true,
                      "IsOrdinal": true,
                      "IsDisabledAttribute": false,
                      "Name": "Ordinal",
                      "Operation": "EqualTo",
                      "Value": 0
                    },
                    {
                      "Ignore": true,
                      "IsOrdinal": false,
                      "IsDisabledAttribute": false,
                      "Name": "Title",
                      "Operation": "EqualTo",
                      "Value": null
                    }
                  ],
                  "CustomValue": null,
                  "Ignore": false,
                  "Name": "Form 'Username Password Submit'",
                  "Tag": "form"
                },
                {
                  "Attributes": [
                    {
                      "Ignore": true,
                      "IsOrdinal": false,
                      "IsDisabledAttribute": false,
                      "Name": "Class",
                      "Operation": "EqualTo",
                      "Value": "btn btn-primary"
                    },
                    {
                      "Ignore": true,
                      "IsOrdinal": false,
                      "IsDisabledAttribute": true,
                      "Name": "Disabled",
                      "Operation": "EqualTo",
                      "Value": "false"
                    },
                    {
                      "Ignore": true,
                      "IsOrdinal": false,
                      "IsDisabledAttribute": false,
                      "Name": "Id",
                      "Operation": "EqualTo",
                      "Value": null
                    },
                    {
                      "Ignore": true,
                      "IsOrdinal": false,
                      "IsDisabledAttribute": false,
                      "Name": "Name",
                      "Operation": "EqualTo",
                      "Value": null
                    },
                    {
                      "Ignore": true,
                      "IsOrdinal": true,
                      "IsDisabledAttribute": false,
                      "Name": "Ordinal",
                      "Operation": "EqualTo",
                      "Value": 0
                    },
                    {
                      "Ignore": true,
                      "IsOrdinal": false,
                      "IsDisabledAttribute": false,
                      "Name": "Title",
                      "Operation": "EqualTo",
                      "Value": null
                    },
                    {
                      "Ignore": true,
                      "IsOrdinal": false,
                      "IsDisabledAttribute": false,
                      "Name": "Type",
                      "Operation": "EqualTo",
                      "Value": "submit"
                    },
                    {
                      "Ignore": false,
                      "IsOrdinal": false,
                      "IsDisabledAttribute": false,
                      "Name": "Text",
                      "Operation": "EqualTo",
                      "Value": "Submit"
                    }
                  ],
                  "CustomValue": null,
                  "Ignore": false,
                  "Name": "Button 'Submit'",
                  "Tag": "button"
                }
              ],
              "Ignore": false,
              "ImageSelector": null,
              "IsCustom": false,
              "IsImageBased": false,
              "IsPlaceholderSelector": false,
              "IsWindowsInstance": false,
              "Name": "Default Selector",
              "Properties": []
            }
          ],
          "Tag": "button",
          "ScreenshotPath": "controlRepo-screenshots\\558a470f-b34e-4b83-b106-fd78604ee7dd.png"
        }
      ],
      "Handle": {
        "value": 0
      },
      "ProcessName": null,
      "ScreenShot": null,
      "ElementTypeName": "Web Page",
      "InstanceId": "d3b5d337-0057-43b4-8bed-d72aa5215bbf",
      "Name": "Web Page 'https://web-scraping.dev/login'",
      "SelectorCount": 1,
      "Selectors": [
        {
          "CustomSelector": null,
          "Elements": [
            {
              "Attributes": [],
              "CustomValue": "domcontainer",
              "Ignore": false,
              "Name": "Web Page 'https://web-scraping.dev/login'",
              "Tag": "domcontainer"
            }
          ],
          "Ignore": false,
          "ImageSelector": null,
          "IsCustom": false,
          "IsImageBased": false,
          "IsPlaceholderSelector": false,
          "IsWindowsInstance": false,
          "Name": "Default Selector",
          "Properties": []
        }
      ],
      "Tag": "domcontainer",
      "ScreenshotPath": "controlRepo-screenshots\\7434ade2-fb17-4982-9b9c-d3627f601668.png"
    }
  ],
  "Version": 1
}