<desktopflowbinary desktopflowbinaryid="e3fc6d46-d6d5-462e-9fe9-5e470b9f513b">
  <data mimetype="image/png">ControlRepositoryImageFile_e3fc6d46-d6d5-462e-9fe9-5e470b9f513b.png</data>
  <iscustomizable>1</iscustomizable>
  <metadata>{}</metadata>
  <mimetype>image/png</mimetype>
  <name>Desktop flow ui element screenshot</name>
  <process>
    <workflowid>8211bfd2-1a3d-432f-9f16-b92f3d5c58d1</workflowid>
  </process>
  <reference>controlRepo-screenshots\64d4ad01-e434-445d-949b-3bdfe3ad8231.png</reference>
  <statecode>0</statecode>
  <statuscode>1</statuscode>
  <type>ControlRepositoryImageFile</type>
</desktopflowbinary>