{"name":"b8209ed7-ecec-4ad2-a603-f5c0f3a499bf","id":"/providers/Microsoft.Flow/flows/b8209ed7-ecec-4ad2-a603-f5c0f3a499bf","type":"Microsoft.Flow/flows","properties":{"apiId":"/providers/Microsoft.PowerApps/apis/shared_logicflows","displayName":"Chapter 13 - Using databases","definition":{"metadata":{"workflowEntityId":null,"processAdvisorMetadata":null,"flowChargedByPaygo":null,"flowclientsuspensionreason":"None","flowclientsuspensiontime":null,"flowclientsuspensionreasondetails":null,"creator":{"id":"83a7637b-0579-4972-9387-38cf4acc552c","type":"User","tenantId":"27e8797c-c1a2-46f5-ae46-a802d2e90028"},"provisioningMethod":"FromDefinition","failureAlertSubscription":true,"clientLastModifiedTime":"2025-10-02T02:53:26.0742752Z","connectionKeySavedTimeKey":"2025-10-02T02:53:26.0742752Z","creationSource":"Portal","modifiedSources":"Portal"},"$schema":"https://schema.management.azure.com/providers/Microsoft.Logic/schemas/2016-06-01/workflowdefinition.json#","contentVersion":"undefined","parameters":{"$authentication":{"defaultValue":{},"type":"SecureObject"},"$connections":{"defaultValue":{},"type":"Object"}},"triggers":{"manual":{"type":"Request","kind":"Button","inputs":{"schema":{"type":"object","properties":{},"required":[]}}}},"actions":{"Insert_row_(V2)":{"runAfter":{},"type":"OpenApiConnection","inputs":{"parameters":{"server":"default","database":"default","table":"[dbo].[Customers]","item/CompanyName":"Fabrikam","item/FirstName":"Dan","item/LastName":"Jump","item/JobTitle":"CEO","item/Mail":"djump@fabrikam.com","item/TelephoneNumber":"2485552222"},"host":{"apiId":"/providers/Microsoft.PowerApps/apis/shared_sql","connectionName":"shared_sql","operationId":"PostItem_V2"},"authentication":{"value":"@json(decodeBase64(triggerOutputs().headers['X-MS-APIM-Tokens']))['$ConnectionKey']","type":"Raw"}}}}},"connectionReferences":{"shared_sql":{"connectionName":"83f0e12d55ad4098aa7aeec0fa6b2aa5","source":"Invoker","id":"/providers/Microsoft.PowerApps/apis/shared_sql","tier":"NotSpecified","apiName":"sql","isProcessSimpleApiReferenceConversionAlreadyDone":false}},"flowFailureAlertSubscribed":false,"isManaged":false}}