<desktopflowbinary desktopflowbinaryid="a1d82e72-512b-4f44-81e3-d1eefe1b20c7">
  <data mimetype="image/png">ControlRepositoryImageFile_a1d82e72-512b-4f44-81e3-d1eefe1b20c7.png</data>
  <iscustomizable>1</iscustomizable>
  <metadata>{}</metadata>
  <mimetype>image/png</mimetype>
  <name>Desktop flow ui element screenshot</name>
  <process>
    <workflowid>8211bfd2-1a3d-432f-9f16-b92f3d5c58d1</workflowid>
  </process>
  <reference>controlRepo-screenshots\1548c484-c184-4e33-a4d5-b3d1ac0c74de.png</reference>
  <statecode>0</statecode>
  <statuscode>1</statuscode>
  <type>ControlRepositoryImageFile</type>
</desktopflowbinary>