{"name":"8f7c9adf-48b0-4f7d-8389-3f5bfa9da055","id":"/providers/Microsoft.Flow/flows/8f7c9adf-48b0-4f7d-8389-3f5bfa9da055","type":"Microsoft.Flow/flows","properties":{"apiId":"/providers/Microsoft.PowerApps/apis/shared_logicflows","displayName":"Chapter 05 - Creating a button flow","definition":{"metadata":{"workflowEntityId":null,"processAdvisorMetadata":null,"flowChargedByPaygo":null,"flowclientsuspensionreason":"None","flowclientsuspensiontime":null,"flowclientsuspensionreasondetails":null,"creator":{"id":"83a7637b-0579-4972-9387-38cf4acc552c","type":"User","tenantId":"27e8797c-c1a2-46f5-ae46-a802d2e90028"},"provisioningMethod":"FromDefinition","failureAlertSubscription":true,"clientLastModifiedTime":"2025-04-23T05:20:10.8976985Z","connectionKeySavedTimeKey":"2025-04-23T05:20:10.8976985Z","creationSource":"Portal","modifiedSources":"Portal"},"$schema":"https://schema.management.azure.com/providers/Microsoft.Logic/schemas/2016-06-01/workflowdefinition.json#","contentVersion":"undefined","parameters":{"$authentication":{"defaultValue":{},"type":"SecureObject"},"$connections":{"defaultValue":{},"type":"Object"}},"triggers":{"manual":{"type":"Request","kind":"Button","inputs":{"schema":{"type":"object","properties":{},"required":[]}}}},"actions":{"Get_my_profile_(V2)":{"runAfter":{},"type":"OpenApiConnection","inputs":{"host":{"apiId":"/providers/Microsoft.PowerApps/apis/shared_office365users","connectionName":"shared_office365users","operationId":"MyProfile_V2"},"authentication":{"value":"@json(decodeBase64(triggerOutputs().headers['X-MS-APIM-Tokens']))['$ConnectionKey']","type":"Raw"}}},"Get_manager_(V2)":{"runAfter":{"Get_my_profile_(V2)":["Succeeded"]},"type":"OpenApiConnection","inputs":{"parameters":{"id":"@outputs('Get_my_profile_(V2)')?['body/userPrincipalName']"},"host":{"apiId":"/providers/Microsoft.PowerApps/apis/shared_office365users","connectionName":"shared_office365users","operationId":"Manager_V2"},"authentication":{"value":"@json(decodeBase64(triggerOutputs().headers['X-MS-APIM-Tokens']))['$ConnectionKey']","type":"Raw"}}},"Send_an_email_(V2)":{"runAfter":{"Get_manager_(V2)":["Succeeded"]},"type":"OpenApiConnection","inputs":{"parameters":{"emailMessage/To":"@outputs('Get_manager_(V2)')?['body/mail']","emailMessage/Subject":"Aaron will be out of the office today, @{formatDateTime(utcNow(),'MM/dd/yyyy')}","emailMessage/Body":"<p class=\"editor-paragraph\">I will be out of the office today, @{formatDateTime(utcNow(),'MM/dd/yyyy')}. You can try getting a quicker response by sending pizza recipes or cat memes.</p>","emailMessage/Importance":"Normal"},"host":{"apiId":"/providers/Microsoft.PowerApps/apis/shared_office365","connectionName":"shared_office365","operationId":"SendEmailV2"},"authentication":{"value":"@json(decodeBase64(triggerOutputs().headers['X-MS-APIM-Tokens']))['$ConnectionKey']","type":"Raw"}}}}},"connectionReferences":{"shared_office365users":{"connectionName":"5ed626dc90874b5399396d4b760f9de6","source":"Invoker","id":"/providers/Microsoft.PowerApps/apis/shared_office365users","tier":"NotSpecified","apiName":"office365users"},"shared_office365":{"connectionName":"shared-office365-8fbf6d61-39ef-4359-8257-8bed139b08e8","source":"Invoker","id":"/providers/Microsoft.PowerApps/apis/shared_office365","tier":"NotSpecified","apiName":"office365"}},"flowFailureAlertSubscribed":false,"isManaged":false}}