{"name":"42ee1aa1-0fe5-4ff1-8cf5-5fdb31102274","id":"/providers/Microsoft.Flow/flows/42ee1aa1-0fe5-4ff1-8cf5-5fdb31102274","type":"Microsoft.Flow/flows","properties":{"apiId":"/providers/Microsoft.PowerApps/apis/shared_logicflows","displayName":"Chapter 12 - Post approvals to Teams","definition":{"metadata":{"workflowEntityId":null,"processAdvisorMetadata":null,"flowChargedByPaygo":null,"flowclientsuspensionreason":"None","flowclientsuspensiontime":null,"flowclientsuspensionreasondetails":null,"creator":{"id":"83a7637b-0579-4972-9387-38cf4acc552c","type":"User","tenantId":"27e8797c-c1a2-46f5-ae46-a802d2e90028"},"provisioningMethod":"FromDefinition","failureAlertSubscription":true,"clientLastModifiedTime":"2025-09-24T02:47:34.6577807Z","connectionKeySavedTimeKey":"2025-09-24T02:47:34.6577807Z","creationSource":"Portal","modifiedSources":"Portal"},"$schema":"https://schema.management.azure.com/providers/Microsoft.Logic/schemas/2016-06-01/workflowdefinition.json#","contentVersion":"1.0.0.0","parameters":{"$authentication":{"defaultValue":{},"type":"SecureObject"},"$connections":{"defaultValue":{},"type":"Object"}},"triggers":{"When_a_file_is_created_in_a_folder":{"recurrence":{"frequency":"Minute","interval":1},"metadata":{"%252fShared%2bDocuments":"/Shared Documents","%252fShared%2bDocuments%252fGeneral%252fSubmitted":"/Shared Documents/General/Submitted"},"type":"OpenApiConnection","inputs":{"parameters":{"dataset":"https://o365ninja.sharepoint.com/sites/PurchaseOrderRequest","folderId":"%252fShared%2bDocuments%252fGeneral%252fSubmitted"},"host":{"apiId":"/providers/Microsoft.PowerApps/apis/shared_sharepointonline","connectionName":"shared_sharepointonline","operationId":"OnNewFile"},"authentication":"@parameters('$authentication')"}}},"actions":{"Get_file_metadata":{"runAfter":{},"type":"OpenApiConnection","inputs":{"parameters":{"dataset":"https://o365ninja.sharepoint.com/sites/PurchaseOrderRequest","id":"@triggerOutputs()?['headers/x-ms-file-id']"},"host":{"apiId":"/providers/Microsoft.PowerApps/apis/shared_sharepointonline","connectionName":"shared_sharepointonline","operationId":"GetFileMetadata"},"authentication":"@parameters('$authentication')"}},"Get_file_properties":{"runAfter":{"Get_file_metadata":["Succeeded"]},"type":"OpenApiConnection","inputs":{"parameters":{"dataset":"https://o365ninja.sharepoint.com/sites/PurchaseOrderRequest","table":"9b5d1959-aece-4eb5-a191-51ba737329fa","id":"@outputs('Get_file_metadata')?['body/ItemId']"},"host":{"apiId":"/providers/Microsoft.PowerApps/apis/shared_sharepointonline","connectionName":"shared_sharepointonline","operationId":"GetFileItem"},"authentication":"@parameters('$authentication')"}},"Get_user_profile_(V2)":{"runAfter":{"Get_file_properties":["Succeeded"]},"type":"OpenApiConnection","inputs":{"parameters":{"id":"@outputs('Get_file_properties')?['body/Author/Email']"},"host":{"apiId":"/providers/Microsoft.PowerApps/apis/shared_office365users","connectionName":"shared_office365users","operationId":"UserProfile_V2"},"authentication":"@parameters('$authentication')"}},"Get_manager_(V2)":{"runAfter":{"Get_user_profile_(V2)":["Succeeded"]},"type":"OpenApiConnection","inputs":{"parameters":{"id":"@outputs('Get_user_profile_(V2)')?['body/userPrincipalName']"},"host":{"apiId":"/providers/Microsoft.PowerApps/apis/shared_office365users","connectionName":"shared_office365users","operationId":"Manager_V2"},"authentication":"@parameters('$authentication')"}},"Create_an_approval":{"runAfter":{"Get_manager_(V2)":["Succeeded"]},"type":"OpenApiConnection","inputs":{"parameters":{"approvalType":"Basic","ApprovalCreationInput/title":"@{outputs('Get_file_properties')?['body/Title']} (requested by @{outputs('Get_file_properties')?['body/Author/DisplayName']})","ApprovalCreationInput/assignedTo":"@outputs('Get_manager_(V2)')?['body/mail']","ApprovalCreationInput/itemLink":"@outputs('Get_file_properties')?['body/{Link}']","ApprovalCreationInput/enableNotifications":true,"ApprovalCreationInput/enableReassignment":true},"host":{"apiId":"/providers/Microsoft.PowerApps/apis/shared_approvals","connectionName":"shared_approvals","operationId":"CreateAnApproval"},"authentication":"@parameters('$authentication')"}},"Post_card_in_a_chat_or_channel":{"runAfter":{"Create_an_approval":["Succeeded"]},"type":"OpenApiConnection","inputs":{"parameters":{"poster":"Flow bot","location":"Chat with Flow bot","body/recipient":"@outputs('Get_manager_(V2)')?['body/mail']","body/messageBody":"@outputs('Create_an_approval')?['body/adaptiveCard']"},"host":{"apiId":"/providers/Microsoft.PowerApps/apis/shared_teams","connectionName":"shared_teams","operationId":"PostCardToConversation"},"authentication":"@parameters('$authentication')"}},"Wait_for_an_approval":{"runAfter":{"Post_card_in_a_chat_or_channel":["Succeeded"]},"type":"OpenApiConnectionWebhook","inputs":{"parameters":{"approvalName":"@outputs('Create_an_approval')?['body/name']"},"host":{"apiId":"/providers/Microsoft.PowerApps/apis/shared_approvals","connectionName":"shared_approvals","operationId":"WaitForAnApproval"},"authentication":"@parameters('$authentication')"}},"Condition":{"actions":{"Post_message_in_a_chat_or_channel_(Approve)":{"type":"OpenApiConnection","inputs":{"parameters":{"poster":"Flow bot","location":"Chat with Flow bot","body/recipient":"@outputs('Get_user_profile_(V2)')?['body/mail']","body/messageBody":"<p class=\"editor-paragraph\">Your document has been approved!</p>"},"host":{"apiId":"/providers/Microsoft.PowerApps/apis/shared_teams","connectionName":"shared_teams","operationId":"PostMessageToConversation"},"authentication":"@parameters('$authentication')"}},"Move_file_(Approve)":{"runAfter":{"Post_message_in_a_chat_or_channel_(Approve)":["Succeeded"]},"type":"OpenApiConnection","inputs":{"parameters":{"dataset":"https://o365ninja.sharepoint.com/sites/PurchaseOrderRequest","parameters/sourceFileId":"@triggerOutputs()?['headers/x-ms-file-id']","parameters/destinationDataset":"https://o365ninja.sharepoint.com/sites/PurchaseOrderRequest","parameters/destinationFolderPath":"/Shared Documents/General/Approved","parameters/nameConflictBehavior":2},"host":{"apiId":"/providers/Microsoft.PowerApps/apis/shared_sharepointonline","connectionName":"shared_sharepointonline","operationId":"MoveFileAsync"},"authentication":"@parameters('$authentication')"}}},"runAfter":{"Wait_for_an_approval":["Succeeded"]},"else":{"actions":{"Post_message_in_a_chat_or_channel_(Deny)":{"type":"OpenApiConnection","inputs":{"parameters":{"poster":"Flow bot","location":"Chat with Flow bot","body/recipient":"@outputs('Get_user_profile_(V2)')?['body/mail']","body/messageBody":"<p class=\"editor-paragraph\">We regret to inform you that your document approval has been denied.</p>"},"host":{"apiId":"/providers/Microsoft.PowerApps/apis/shared_teams","connectionName":"shared_teams","operationId":"PostMessageToConversation"},"authentication":"@parameters('$authentication')"}},"Move_file_(Deny)":{"runAfter":{"Post_message_in_a_chat_or_channel_(Deny)":["Succeeded"]},"type":"OpenApiConnection","inputs":{"parameters":{"dataset":"https://o365ninja.sharepoint.com/sites/PurchaseOrderRequest","parameters/sourceFileId":"@triggerOutputs()?['headers/x-ms-file-id']","parameters/destinationDataset":"https://o365ninja.sharepoint.com/sites/PurchaseOrderRequest","parameters/destinationFolderPath":"/Shared Documents/General/Rejected","parameters/nameConflictBehavior":2},"host":{"apiId":"/providers/Microsoft.PowerApps/apis/shared_sharepointonline","connectionName":"shared_sharepointonline","operationId":"MoveFileAsync"},"authentication":"@parameters('$authentication')"}}}},"expression":{"and":[{"equals":["@outputs('Wait_for_an_approval')?['body/outcome']","Approve"]}]},"type":"If"}},"outputs":{}},"connectionReferences":{"shared_sharepointonline":{"connectionName":"shared-sharepointonl-943e11a0-4914-4e80-8672-64de24ad9029","source":"Embedded","id":"/providers/Microsoft.PowerApps/apis/shared_sharepointonline","tier":"NotSpecified","apiName":"sharepointonline","isProcessSimpleApiReferenceConversionAlreadyDone":false},"shared_office365users":{"connectionName":"5ed626dc90874b5399396d4b760f9de6","source":"Embedded","id":"/providers/Microsoft.PowerApps/apis/shared_office365users","tier":"NotSpecified","apiName":"office365users","isProcessSimpleApiReferenceConversionAlreadyDone":false},"shared_approvals":{"connectionName":"shared-approvals-faa5b055-ad29-41d3-b203-d4d246fd85d6","source":"Embedded","id":"/providers/Microsoft.PowerApps/apis/shared_approvals","tier":"NotSpecified","apiName":"approvals","isProcessSimpleApiReferenceConversionAlreadyDone":false},"shared_teams":{"connectionName":"shared-teams-b0ba9cf7-9ff9-48ff-b0b1-8628618d512e","source":"Embedded","id":"/providers/Microsoft.PowerApps/apis/shared_teams","tier":"NotSpecified","apiName":"teams","isProcessSimpleApiReferenceConversionAlreadyDone":false}},"flowFailureAlertSubscribed":false,"isManaged":false}}