<desktopflowbinary desktopflowbinaryid="4dcf72de-9ab6-4e6a-a581-12f1b1a7abf9">
  <data mimetype="image/png">ControlRepositoryImageFile_4dcf72de-9ab6-4e6a-a581-12f1b1a7abf9.png</data>
  <iscustomizable>1</iscustomizable>
  <metadata>{}</metadata>
  <mimetype>image/png</mimetype>
  <name>Desktop flow ui element screenshot</name>
  <process>
    <workflowid>8211bfd2-1a3d-432f-9f16-b92f3d5c58d1</workflowid>
  </process>
  <reference>controlRepo-screenshots\fdd17cbc-c25d-42bb-b825-daaf84305a9f.png</reference>
  <statecode>0</statecode>
  <statuscode>1</statuscode>
  <type>ControlRepositoryImageFile</type>
</desktopflowbinary>