<desktopflowbinary desktopflowbinaryid="02665fd4-fbb5-41ad-8cb6-5dc4354ef013">
  <data mimetype="image/png">ControlRepositoryImageFile_02665fd4-fbb5-41ad-8cb6-5dc4354ef013.png</data>
  <iscustomizable>1</iscustomizable>
  <metadata>{}</metadata>
  <mimetype>image/png</mimetype>
  <name>Desktop flow ui element screenshot</name>
  <process>
    <workflowid>8211bfd2-1a3d-432f-9f16-b92f3d5c58d1</workflowid>
  </process>
  <reference>controlRepo-screenshots\780a2a68-be2c-4352-b881-b36c9b6bc298.png</reference>
  <statecode>0</statecode>
  <statuscode>1</statuscode>
  <type>ControlRepositoryImageFile</type>
</desktopflowbinary>