<desktopflowbinary desktopflowbinaryid="ea688c7f-7642-4442-b304-ec513bfd6112">
  <data mimetype="image/png">ControlRepositoryImageFile_ea688c7f-7642-4442-b304-ec513bfd6112.png</data>
  <iscustomizable>1</iscustomizable>
  <metadata>{}</metadata>
  <mimetype>image/png</mimetype>
  <name>Desktop flow ui element screenshot</name>
  <process>
    <workflowid>86ba43d1-12d7-49a3-9a71-26200645563e</workflowid>
  </process>
  <reference>controlRepo-screenshots\5b95edaf-3c4f-4418-afee-1b5a90a36667.png</reference>
  <statecode>0</statecode>
  <statuscode>1</statuscode>
  <type>ControlRepositoryImageFile</type>
</desktopflowbinary>