<desktopflowbinary desktopflowbinaryid="f4d71efb-c07d-401d-8f04-d3fa54340011">
  <data mimetype="application/json">DependenciesFile_0d52c4e7-cbe9-40f4-9c9d-f166dfc2f33e.json</data>
  <iscustomizable>1</iscustomizable>
  <metadata>{}</metadata>
  <mimetype>application/json</mimetype>
  <name>Desktop flow dependencies file</name>
  <process>
    <workflowid>86ba43d1-12d7-49a3-9a71-26200645563e</workflowid>
  </process>
  <reference>flow.dependencies</reference>
  <statecode>0</statecode>
  <statuscode>1</statuscode>
  <type>DependenciesFile</type>
</desktopflowbinary>