<desktopflowbinary desktopflowbinaryid="51394027-a441-4964-91a6-258d8cdcbdff">
  <data mimetype="image/png">ControlRepositoryImageFile_51394027-a441-4964-91a6-258d8cdcbdff.png</data>
  <iscustomizable>1</iscustomizable>
  <metadata>{}</metadata>
  <mimetype>image/png</mimetype>
  <name>Desktop flow ui element screenshot</name>
  <process>
    <workflowid>8211bfd2-1a3d-432f-9f16-b92f3d5c58d1</workflowid>
  </process>
  <reference>controlRepo-screenshots\0863882e-3ee0-4af4-9dd2-48efd16887ea.png</reference>
  <statecode>0</statecode>
  <statuscode>1</statuscode>
  <type>ControlRepositoryImageFile</type>
</desktopflowbinary>