{"name":"4610238b-9d67-411b-85d0-aaa570092830","id":"/providers/Microsoft.Flow/flows/4610238b-9d67-411b-85d0-aaa570092830","type":"Microsoft.Flow/flows","properties":{"apiId":"/providers/Microsoft.PowerApps/apis/shared_logicflows","displayName":"Chapter 08 - Working with conditions (Updating Creating your first flow)","definition":{"metadata":{"workflowEntityId":null,"processAdvisorMetadata":null,"flowChargedByPaygo":null,"flowclientsuspensionreason":"None","flowclientsuspensiontime":null,"flowclientsuspensionreasondetails":null,"creator":{"id":"83a7637b-0579-4972-9387-38cf4acc552c","type":"User","tenantId":"27e8797c-c1a2-46f5-ae46-a802d2e90028"},"provisioningMethod":"FromDefinition","failureAlertSubscription":true,"clientLastModifiedTime":"2025-08-31T23:23:09.9048578Z","connectionKeySavedTimeKey":"2025-08-31T23:23:09.9048578Z","creationSource":null,"modifiedSources":"Portal"},"$schema":"https://schema.management.azure.com/providers/Microsoft.Logic/schemas/2016-06-01/workflowdefinition.json#","contentVersion":"1.0.0.0","parameters":{"$authentication":{"defaultValue":{},"type":"SecureObject"},"$connections":{"defaultValue":{},"type":"Object"}},"triggers":{"When_a_new_tweet_is_posted":{"recurrence":{"frequency":"Minute","interval":1},"splitOn":"@triggerOutputs()?['body/value']","type":"OpenApiConnection","inputs":{"parameters":{"searchQuery":"from:aaronguilmette"},"host":{"apiId":"/providers/Microsoft.PowerApps/apis/shared_twitter","connectionName":"shared_twitter","operationId":"OnNewTweet"},"authentication":"@parameters('$authentication')"},"conditions":[]}},"actions":{"Condition_1":{"actions":{"Switch":{"cases":{"Case":{"case":"en","actions":{"Post_message_in_a_chat_or_channel_(English)":{"type":"OpenApiConnection","inputs":{"parameters":{"poster":"Flow bot","location":"Channel","body/recipient/groupId":"6c31a153-b4e1-49ab-8862-552f30281260","body/recipient/channelId":"19:OvWWmS7NJOSmne3PEALj_EJtSMIYmJK9Obr-3tpThVE1@thread.tacv2","body/messageBody":"<p class=\"editor-paragraph\">Check out this new tweet from @{triggerOutputs()?['body/TweetedBy']}:</p><p class=\"editor-paragraph\">@{triggerOutputs()?['body/TweetText']}</p>"},"host":{"apiId":"/providers/Microsoft.PowerApps/apis/shared_teams","connectionName":"shared_teams-1","operationId":"PostMessageToConversation"},"authentication":"@parameters('$authentication')"}}}},"Case 2":{"case":"es","actions":{"Post_message_in_a_chat_or_channel_(Spanish)":{"type":"OpenApiConnection","inputs":{"parameters":{"poster":"Flow bot","location":"Channel","body/recipient/groupId":"6c31a153-b4e1-49ab-8862-552f30281260","body/recipient/channelId":"19:OvWWmS7NJOSmne3PEALj_EJtSMIYmJK9Obr-3tpThVE1@thread.tacv2","body/messageBody":"<p class=\"editor-paragraph\">Mira este nuevo tweet de @{triggerOutputs()?['body/TweetedBy']}:</p><p class=\"editor-paragraph\">@{triggerOutputs()?['body/TweetText']}</p>"},"host":{"apiId":"/providers/Microsoft.PowerApps/apis/shared_teams","connectionName":"shared_teams-1","operationId":"PostMessageToConversation"},"authentication":"@parameters('$authentication')"}}}}},"default":{"actions":{"Post_message_in_a_chat_or_channel_(Default)":{"type":"OpenApiConnection","inputs":{"parameters":{"poster":"Flow bot","location":"Channel","body/recipient/groupId":"6c31a153-b4e1-49ab-8862-552f30281260","body/recipient/channelId":"19:OvWWmS7NJOSmne3PEALj_EJtSMIYmJK9Obr-3tpThVE1@thread.tacv2","body/messageBody":"<p class=\"editor-paragraph\">Check out this new tweet from @{triggerOutputs()?['body/TweetedBy']}:</p><p class=\"editor-paragraph\">@{triggerOutputs()?['body/TweetText']}</p>"},"host":{"apiId":"/providers/Microsoft.PowerApps/apis/shared_teams","connectionName":"shared_teams-1","operationId":"PostMessageToConversation"},"authentication":"@parameters('$authentication')"}}}},"expression":"@triggerOutputs()?['body/TweetLanguageCode']","type":"Switch"}},"runAfter":{},"else":{"actions":{}},"expression":{"and":[{"or":[{"equals":["@triggerOutputs()?['body/TweetLanguageCode']","en"]},{"equals":["@triggerOutputs()?['body/TweetLanguageCode']","es"]}]},{"or":[{"greater":["@triggerOutputs()?['body/UserDetails/FollowersCount']",100]},{"greater":["@triggerOutputs()?['body/UserDetails/FavouritesCount']",100]}]}]},"type":"If"}},"outputs":{}},"connectionReferences":{"shared_twitter":{"connectionName":"shared-twitter-a3e44f3b-8792-4c7f-af6a-eb5c3b99e20d","source":"Embedded","id":"/providers/Microsoft.PowerApps/apis/shared_twitter","tier":"NotSpecified","apiName":"twitter","isProcessSimpleApiReferenceConversionAlreadyDone":false},"shared_teams-1":{"connectionName":"shared-teams-90de5af4-0551-4f5c-a068-fc5e3c17dd85","source":"Embedded","id":"/providers/Microsoft.PowerApps/apis/shared_teams","tier":"NotSpecified","apiName":"teams","isProcessSimpleApiReferenceConversionAlreadyDone":false}},"flowFailureAlertSubscribed":false,"isManaged":false}}