{"name":"dfbc28b9-fd3e-4595-8156-622e11d43e31","id":"/providers/Microsoft.Flow/flows/dfbc28b9-fd3e-4595-8156-622e11d43e31","type":"Microsoft.Flow/flows","properties":{"apiId":"/providers/Microsoft.PowerApps/apis/shared_logicflows","displayName":"Chapter 16 - Accepting User Input","definition":{"metadata":{"workflowEntityId":null,"processAdvisorMetadata":null,"flowChargedByPaygo":null,"flowclientsuspensionreason":"None","flowclientsuspensiontime":null,"flowclientsuspensionreasondetails":null,"creator":{"id":"83a7637b-0579-4972-9387-38cf4acc552c","type":"User","tenantId":"27e8797c-c1a2-46f5-ae46-a802d2e90028"},"provisioningMethod":"FromDefinition","failureAlertSubscription":true,"clientLastModifiedTime":"2025-10-03T20:36:10.1784089Z","connectionKeySavedTimeKey":"2025-10-03T20:36:10.1784089Z","creationSource":"Portal","modifiedSources":"Portal"},"$schema":"https://schema.management.azure.com/providers/Microsoft.Logic/schemas/2016-06-01/workflowdefinition.json#","contentVersion":"undefined","parameters":{"$authentication":{"defaultValue":{},"type":"SecureObject"},"$connections":{"defaultValue":{},"type":"Object"}},"triggers":{"manual":{"type":"Request","kind":"Button","inputs":{"schema":{"type":"object","properties":{"text":{"description":"Please enter your name","title":"Name","type":"string","x-ms-content-hint":"TEXT","x-ms-dynamically-added":true},"file":{"description":"Add a picture of your favorite food","title":"Picture","type":"object","properties":{"contentBytes":{"type":"string","format":"byte"},"name":{"type":"string"}},"x-ms-content-hint":"FILE","x-ms-dynamically-added":true},"boolean":{"description":"Have you eaten this in the last week?","title":"Yes/No","type":"boolean","x-ms-content-hint":"BOOLEAN","x-ms-dynamically-added":true},"number":{"description":"Please enter the number of times per month you normally eat it","title":"Number","type":"number","x-ms-content-hint":"NUMBER","x-ms-dynamically-added":true},"email":{"description":"Enter an email address","format":"email","title":"Email","type":"string","x-ms-content-hint":"EMAIL","x-ms-dynamically-added":true},"date":{"description":"Please enter today's date","format":"date","title":"Today's Date","type":"string","x-ms-content-hint":"DATE","x-ms-dynamically-added":true}},"required":["text","boolean","number","email","date"]}}}},"actions":{"Create_item":{"runAfter":{},"type":"OpenApiConnection","inputs":{"parameters":{"dataset":"https://o365ninja.sharepoint.com/sites/FavoriteThings","table":"368f596a-6d64-426c-8c89-bfcc3b8fb1c1","item/Eatenthisinthelastweek_x003f_":"@triggerBody()?['boolean']","item/Howmanytimesamonthdoyoueatit_x00":"@triggerBody()?['number']","item/Title":"@triggerBody()?['text']","item/EmailAddress":"@triggerBody()?['email']","item/TodaysDate":"@triggerBody()?['date']"},"host":{"apiId":"/providers/Microsoft.PowerApps/apis/shared_sharepointonline","connectionName":"shared_sharepointonline","operationId":"PostItem"},"authentication":{"value":"@json(decodeBase64(triggerOutputs().headers['X-MS-APIM-Tokens']))['$ConnectionKey']","type":"Raw"}}},"Add_attachment":{"runAfter":{"Create_item":["Succeeded"]},"type":"OpenApiConnection","inputs":{"parameters":{"dataset":"https://o365ninja.sharepoint.com/sites/FavoriteThings","table":"368f596a-6d64-426c-8c89-bfcc3b8fb1c1","itemId":"@outputs('Create_item')?['body/ID']","displayName":"@concat(triggerBody()?['email'],'_FavoriteThing_',triggerBody()?['file']?['name'])","body":"@triggerBody()?['file']?['contentBytes']"},"host":{"apiId":"/providers/Microsoft.PowerApps/apis/shared_sharepointonline","connectionName":"shared_sharepointonline","operationId":"CreateAttachment"},"authentication":{"value":"@json(decodeBase64(triggerOutputs().headers['X-MS-APIM-Tokens']))['$ConnectionKey']","type":"Raw"}}},"Send_an_email_(V2)":{"runAfter":{"Send_an_HTTP_request_to_SharePoint":["Succeeded"]},"type":"OpenApiConnection","inputs":{"parameters":{"emailMessage/To":"@outputs('Create_item')?['body/EmailAddress']","emailMessage/Subject":"Thank you for telling us about your favorite food!","emailMessage/Body":"<p class=\"editor-paragraph\">We've received your submission. Thanks!</p>","emailMessage/Importance":"Normal"},"host":{"apiId":"/providers/Microsoft.PowerApps/apis/shared_office365","connectionName":"shared_office365","operationId":"SendEmailV2"},"authentication":{"value":"@json(decodeBase64(triggerOutputs().headers['X-MS-APIM-Tokens']))['$ConnectionKey']","type":"Raw"}}},"Compose":{"runAfter":{"Add_attachment":["Succeeded"]},"type":"Compose","inputs":{"type":"thumbnail","fileName":"@{concat(triggerBody()?['email'],'_FavoriteThing_',triggerBody()?['file']?['name'])}","fieldName":"Picture","serverUrl":"https://o365ninja.sharepoint.com/sites/FavoriteThings","serverRelativeUrl":"@{decodeUriComponent(decodeUriComponent(outputs('Add_attachment')?['body/Id']))}","id":"@{guid()}"}},"Send_an_HTTP_request_to_SharePoint":{"runAfter":{"Compose":["Succeeded"]},"type":"OpenApiConnection","inputs":{"parameters":{"dataset":"https://o365ninja.sharepoint.com/sites/FavoriteThings","parameters/method":"POST","parameters/uri":"_api/web/lists/GetByTitle('Favorite%20Things')/items(@{outputs('Create_item')?['body/ID']})/ValidateUpdateListItem","parameters/headers":{"Content-Type":"application/json;odata=verbose","Accept":"application/json;odata=nometadata"},"parameters/body":"{\n  \"formValues\": [\n    {\n      'FieldName':'Picture',\n      'FieldValue':'@{outputs('Compose')}'    }\n  ]\n} \n"},"host":{"apiId":"/providers/Microsoft.PowerApps/apis/shared_sharepointonline","connectionName":"shared_sharepointonline","operationId":"HttpRequest"},"authentication":{"value":"@json(decodeBase64(triggerOutputs().headers['X-MS-APIM-Tokens']))['$ConnectionKey']","type":"Raw"}}}}},"connectionReferences":{"shared_sharepointonline":{"connectionName":"shared-sharepointonl-943e11a0-4914-4e80-8672-64de24ad9029","source":"Invoker","id":"/providers/Microsoft.PowerApps/apis/shared_sharepointonline","tier":"NotSpecified","apiName":"sharepointonline","isProcessSimpleApiReferenceConversionAlreadyDone":false},"shared_office365":{"connectionName":"shared-office365-8fbf6d61-39ef-4359-8257-8bed139b08e8","source":"Invoker","id":"/providers/Microsoft.PowerApps/apis/shared_office365","tier":"NotSpecified","apiName":"office365","isProcessSimpleApiReferenceConversionAlreadyDone":false}},"flowFailureAlertSubscribed":false,"isManaged":false}}