{"name":"511b8a05-ab30-41b5-87eb-beede462b2e8","id":"/providers/Microsoft.Flow/flows/511b8a05-ab30-41b5-87eb-beede462b2e8","type":"Microsoft.Flow/flows","properties":{"apiId":"/providers/Microsoft.PowerApps/apis/shared_logicflows","displayName":"Chapter 04 - Copying files (Example 1, Outlook attachment to SharePoint)","definition":{"metadata":{"workflowEntityId":null,"processAdvisorMetadata":null,"flowChargedByPaygo":null,"flowclientsuspensionreason":"None","flowclientsuspensiontime":null,"flowclientsuspensionreasondetails":null,"creator":{"id":"83a7637b-0579-4972-9387-38cf4acc552c","type":"User","tenantId":"27e8797c-c1a2-46f5-ae46-a802d2e90028"},"provisioningMethod":"FromDefinition","failureAlertSubscription":true,"clientLastModifiedTime":"2025-04-15T17:26:37.5324094Z","connectionKeySavedTimeKey":"2025-04-15T17:26:37.5324094Z","creationSource":"Portal","modifiedSources":"Portal"},"$schema":"https://schema.management.azure.com/providers/Microsoft.Logic/schemas/2016-06-01/workflowdefinition.json#","contentVersion":"1.0.0.0","parameters":{"$authentication":{"defaultValue":{},"type":"SecureObject"},"$connections":{"defaultValue":{},"type":"Object"}},"triggers":{"When_a_new_email_arrives_in_a_shared_mailbox_(V2)":{"recurrence":{"interval":1,"frequency":"Minute"},"splitOn":"@triggerOutputs()?['body/value']","type":"OpenApiConnection","inputs":{"parameters":{"mailboxAddress":"expense-reports@o365ninja.com","hasAttachments":true,"includeAttachments":true,"subjectFilter":"expense report"},"host":{"apiId":"/providers/Microsoft.PowerApps/apis/shared_office365","connectionName":"shared_office365","operationId":"SharedMailboxOnNewEmailV2"},"authentication":"@parameters('$authentication')"}}},"actions":{"For_each":{"foreach":"@triggerOutputs()?['body/attachments']","actions":{"Create_file":{"type":"OpenApiConnection","inputs":{"parameters":{"dataset":"https://o365ninja.sharepoint.com/sites/expensereports","folderPath":"/Shared Documents/ExpenseReports/@{triggerOutputs()?['body/from']}","name":"@item()?['name']","body":"@item()?['contentBytes']"},"host":{"apiId":"/providers/Microsoft.PowerApps/apis/shared_sharepointonline","connectionName":"shared_sharepointonline","operationId":"CreateFile"},"authentication":"@parameters('$authentication')"},"runtimeConfiguration":{"contentTransfer":{"transferMode":"Chunked"}}},"Create_new_folder":{"runAfter":{"Create_file":["Succeeded"]},"type":"OpenApiConnection","inputs":{"parameters":{"dataset":"https://o365ninja.sharepoint.com/sites/ExpenseReports","table":"3fb40686-17b8-4e20-bd2d-2e59359d21be","parameters/path":"ExpenseReports/Archive/@{formatDateTime(triggerOutputs()?['body/receivedDateTime'],'yyyy-MM-dd')}/@{triggerOutputs()?['body/from']}"},"host":{"apiId":"/providers/Microsoft.PowerApps/apis/shared_sharepointonline","connectionName":"shared_sharepointonline","operationId":"CreateNewFolder"},"authentication":"@parameters('$authentication')"}},"Copy_file":{"runAfter":{"Create_new_folder":["Succeeded"]},"type":"OpenApiConnection","inputs":{"parameters":{"dataset":"https://o365ninja.sharepoint.com/sites/ExpenseReports","parameters/sourceFileId":"@outputs('Create_file')?['body/Id']","parameters/destinationDataset":"https://o365ninja.sharepoint.com/sites/ExpenseReports","parameters/destinationFolderPath":"@outputs('Create_new_folder')?['body/{FullPath}']","parameters/nameConflictBehavior":2},"host":{"apiId":"/providers/Microsoft.PowerApps/apis/shared_sharepointonline","connectionName":"shared_sharepointonline","operationId":"CopyFileAsync"},"authentication":"@parameters('$authentication')"}}},"runAfter":{},"type":"Foreach"},"Mark_as_read_or_unread_(V3)":{"runAfter":{"For_each":["Succeeded"]},"type":"OpenApiConnection","inputs":{"parameters":{"messageId":"@triggerOutputs()?['body/id']","mailboxAddress":"expense-reports@o365ninja.com","body/isRead":true},"host":{"apiId":"/providers/Microsoft.PowerApps/apis/shared_office365","connectionName":"shared_office365","operationId":"MarkAsRead_V3"},"authentication":"@parameters('$authentication')"}},"Flag_email_(V2)":{"runAfter":{"Mark_as_read_or_unread_(V3)":["Succeeded"]},"type":"OpenApiConnection","inputs":{"parameters":{"messageId":"@triggerOutputs()?['body/id']","mailboxAddress":"expense-reports@o365ninja.com","body/flag/flagStatus":"complete"},"host":{"apiId":"/providers/Microsoft.PowerApps/apis/shared_office365","connectionName":"shared_office365","operationId":"Flag_V2"},"authentication":"@parameters('$authentication')"}},"Send_an_email_from_a_shared_mailbox_(V2)":{"runAfter":{"Flag_email_(V2)":["Succeeded"]},"type":"OpenApiConnection","inputs":{"parameters":{"emailMessage/MailboxAddress":"expense-reports@o365ninja.com","emailMessage/To":"@triggerOutputs()?['body/from']","emailMessage/Subject":"Received: @{triggerOutputs()?['body/subject']}","emailMessage/Body":"<p class=\"editor-paragraph\">We have received your expense report and attachments.</p>","emailMessage/Importance":"Normal"},"host":{"apiId":"/providers/Microsoft.PowerApps/apis/shared_office365","connectionName":"shared_office365","operationId":"SharedMailboxSendEmailV2"},"authentication":"@parameters('$authentication')"}}},"outputs":{}},"connectionReferences":{"shared_office365":{"connectionName":"shared-office365-8fbf6d61-39ef-4359-8257-8bed139b08e8","source":"Embedded","id":"/providers/Microsoft.PowerApps/apis/shared_office365","tier":"NotSpecified","apiName":"office365"},"shared_sharepointonline":{"connectionName":"shared-sharepointonl-943e11a0-4914-4e80-8672-64de24ad9029","source":"Embedded","id":"/providers/Microsoft.PowerApps/apis/shared_sharepointonline","tier":"NotSpecified","apiName":"sharepointonline"}},"flowFailureAlertSubscribed":false,"isManaged":false}}