<desktopflowbinary desktopflowbinaryid="89a9f2eb-e6b3-45c2-b346-e51b36f5a7a2">
  <data mimetype="image/png">ControlRepositoryImageFile_89a9f2eb-e6b3-45c2-b346-e51b36f5a7a2.png</data>
  <iscustomizable>1</iscustomizable>
  <metadata>{}</metadata>
  <mimetype>image/png</mimetype>
  <name>Desktop flow ui element screenshot</name>
  <process>
    <workflowid>8211bfd2-1a3d-432f-9f16-b92f3d5c58d1</workflowid>
  </process>
  <reference>controlRepo-screenshots\fe2428b7-7f50-4ca2-ba91-19d711369ecb.png</reference>
  <statecode>0</statecode>
  <statuscode>1</statuscode>
  <type>ControlRepositoryImageFile</type>
</desktopflowbinary>