{"name":"96d32713-21e4-4c2d-80f4-6ea0ca373b4b","id":"/providers/Microsoft.Flow/flows/96d32713-21e4-4c2d-80f4-6ea0ca373b4b","type":"Microsoft.Flow/flows","properties":{"apiId":"/providers/Microsoft.PowerApps/apis/shared_logicflows","displayName":"Chapter 15 - Posting data to Slack","definition":{"metadata":{"workflowEntityId":null,"processAdvisorMetadata":null,"flowChargedByPaygo":null,"flowclientsuspensionreason":"None","flowclientsuspensiontime":null,"flowclientsuspensionreasondetails":null,"creator":{"id":"83a7637b-0579-4972-9387-38cf4acc552c","type":"User","tenantId":"27e8797c-c1a2-46f5-ae46-a802d2e90028"},"provisioningMethod":"FromDefinition","failureAlertSubscription":true,"clientLastModifiedTime":"2025-10-03T15:08:33.9091184Z","connectionKeySavedTimeKey":"2025-10-03T15:08:33.9091184Z","creationSource":"Portal","modifiedSources":"Portal"},"$schema":"https://schema.management.azure.com/providers/Microsoft.Logic/schemas/2016-06-01/workflowdefinition.json#","contentVersion":"1.0.0.0","parameters":{"$authentication":{"defaultValue":{},"type":"SecureObject"},"$connections":{"defaultValue":{},"type":"Object"}},"triggers":{"When_a_task_is_assigned_to_me":{"recurrence":{"frequency":"Minute","interval":1},"splitOn":"@triggerOutputs()?['body/value']","type":"OpenApiConnection","inputs":{"host":{"apiId":"/providers/Microsoft.PowerApps/apis/shared_planner","connectionName":"shared_planner","operationId":"OnTaskAssignedToMe_V2"},"authentication":"@parameters('$authentication')"}}},"actions":{"For_each":{"foreach":"@triggerOutputs()?['body/_assignments']","actions":{"Post_message_(V2)":{"runAfter":{"Get_user_profile_(V2)_-_assignedBy":["Succeeded"]},"type":"OpenApiConnection","inputs":{"parameters":{"message/channel":"C09J8E74HSS","message/text":"Hi! The task \"@{triggerOutputs()?['body/title']}\" has been assigned to @{outputs('Get_user_profile_(V2)_-_assignedTo')?['body/displayName']}  by @{outputs('Get_user_profile_(V2)_-_assignedBy')?['body/displayName']}.","message/icon_emoji":"📅"},"host":{"apiId":"/providers/Microsoft.PowerApps/apis/shared_slack","connectionName":"shared_slack","operationId":"PostMessage_V2"},"authentication":"@parameters('$authentication')"}},"Compose_-_assignedTo":{"type":"Compose","inputs":"@item()?['userId']"},"Compose_-_assignedBy":{"runAfter":{"Compose_-_assignedTo":["Succeeded"]},"type":"Compose","inputs":"@item()?['value/assignedBy/user/id']"},"Get_user_profile_(V2)_-_assignedTo":{"runAfter":{"Compose_-_assignedBy":["Succeeded"]},"type":"OpenApiConnection","inputs":{"parameters":{"id":"@outputs('Compose_-_assignedTo')"},"host":{"apiId":"/providers/Microsoft.PowerApps/apis/shared_office365users","connectionName":"shared_office365users","operationId":"UserProfile_V2"},"authentication":"@parameters('$authentication')"}},"Get_user_profile_(V2)_-_assignedBy":{"runAfter":{"Get_user_profile_(V2)_-_assignedTo":["Succeeded"]},"type":"OpenApiConnection","inputs":{"parameters":{"id":"@outputs('Compose_-_assignedBy')"},"host":{"apiId":"/providers/Microsoft.PowerApps/apis/shared_office365users","connectionName":"shared_office365users","operationId":"UserProfile_V2"},"authentication":"@parameters('$authentication')"}}},"runAfter":{},"type":"Foreach"}},"outputs":{}},"connectionReferences":{"shared_planner":{"connectionName":"shared-planner-42641d8e-a023-4388-93a6-29e5fd853ca3","source":"Embedded","id":"/providers/Microsoft.PowerApps/apis/shared_planner","tier":"NotSpecified","apiName":"planner","isProcessSimpleApiReferenceConversionAlreadyDone":false},"shared_slack":{"connectionName":"shared-slack-6a12309e-5814-4adc-9771-5a9f3f6ca08c","source":"Embedded","id":"/providers/Microsoft.PowerApps/apis/shared_slack","tier":"NotSpecified","apiName":"slack","isProcessSimpleApiReferenceConversionAlreadyDone":false},"shared_office365users":{"connectionName":"5ed626dc90874b5399396d4b760f9de6","source":"Embedded","id":"/providers/Microsoft.PowerApps/apis/shared_office365users","tier":"NotSpecified","apiName":"office365users","isProcessSimpleApiReferenceConversionAlreadyDone":false}},"flowFailureAlertSubscribed":false,"isManaged":false}}