{"name":"c70854b6-76d7-4133-b473-fc29266bc548","id":"/providers/Microsoft.Flow/flows/c70854b6-76d7-4133-b473-fc29266bc548","type":"Microsoft.Flow/flows","properties":{"apiId":"/providers/Microsoft.PowerApps/apis/shared_logicflows","displayName":"Chapter 09 - Working with strings and text","definition":{"metadata":{"workflowEntityId":null,"processAdvisorMetadata":null,"flowChargedByPaygo":null,"flowclientsuspensionreason":"None","flowclientsuspensiontime":null,"flowclientsuspensionreasondetails":null,"creator":{"id":"83a7637b-0579-4972-9387-38cf4acc552c","type":"User","tenantId":"27e8797c-c1a2-46f5-ae46-a802d2e90028"},"provisioningMethod":"FromDefinition","failureAlertSubscription":true,"clientLastModifiedTime":"2025-09-01T03:18:26.9362316Z","connectionKeySavedTimeKey":"2025-09-01T03:18:26.9362316Z","creationSource":"Portal","modifiedSources":"Portal"},"$schema":"https://schema.management.azure.com/providers/Microsoft.Logic/schemas/2016-06-01/workflowdefinition.json#","contentVersion":"undefined","parameters":{"$authentication":{"defaultValue":{},"type":"SecureObject"},"$connections":{"defaultValue":{},"type":"Object"}},"triggers":{"manual":{"type":"Request","kind":"Button","inputs":{"schema":{"type":"object","properties":{"text":{"description":"Please enter your input","title":"Text","type":"string","x-ms-content-hint":"TEXT","x-ms-dynamically-added":true}},"required":["text"]}}}},"actions":{"toLower":{"runAfter":{},"type":"Compose","inputs":"@toLower('HeLLO, wORLd')"},"concat":{"runAfter":{"toLower":["Succeeded"]},"type":"Compose","inputs":"@concat('This ', 'is ', 'a ', 'concatenated ', 'string.' )"},"substring":{"runAfter":{"concat":["Succeeded"]},"type":"Compose","inputs":"@substring('automate',0,3)"},"slice":{"runAfter":{"substring":["Succeeded"]},"type":"Compose","inputs":"@slice('automate',0,3)"},"replace":{"runAfter":{"slice":["Succeeded"]},"type":"Compose","inputs":"@replace('Brave Old World','Old','New')"},"indexOf":{"runAfter":{"replace":["Succeeded"]},"type":"Compose","inputs":"@indexOf('The quick brown fox jumps over the lazy dog','fox')"},"nthIndexOf":{"runAfter":{"indexOf":["Succeeded"]},"type":"Compose","inputs":"@nthIndexOf('I have an apple, a red apple, and a green apple.', 'apple', 2)"},"split":{"runAfter":{"nthIndexOf":["Succeeded"]},"type":"Compose","inputs":"@split('contoso:ENTERPRISEPACK:50:Unassigned',':')"}}},"connectionReferences":{},"flowFailureAlertSubscribed":false,"isManaged":false}}