<desktopflowbinary desktopflowbinaryid="667b4f50-58da-4e78-a150-a3e1f40ee0e0">
  <data mimetype="image/png">ControlRepositoryImageFile_667b4f50-58da-4e78-a150-a3e1f40ee0e0.png</data>
  <iscustomizable>1</iscustomizable>
  <metadata>{}</metadata>
  <mimetype>image/png</mimetype>
  <name>Desktop flow ui element screenshot</name>
  <process>
    <workflowid>86ba43d1-12d7-49a3-9a71-26200645563e</workflowid>
  </process>
  <reference>controlRepo-screenshots\5bc1e07a-f062-4dd4-955b-73a278e00500.png</reference>
  <statecode>0</statecode>
  <statuscode>1</statuscode>
  <type>ControlRepositoryImageFile</type>
</desktopflowbinary>